Journal name,JCR Abbreviation,ISSN,eISSN,Category,2021 JIF
NATURE REVIEWS MOLECULAR CELL BIOLOGY,NAT REV MOL CELL BIO,1471-0072,1471-0080,CELL BIOLOGY - SCIE,113.915
NATURE REVIEWS DRUG DISCOVERY,NAT REV DRUG DISCOV,1474-1776,1474-1784,BIOTECHNOLOGY & APPLIED MICROBIOLOGY - SCIE,112.288
NATURE REVIEWS IMMUNOLOGY,NAT REV IMMUNOL,1474-1733,1474-1741,IMMUNOLOGY - SCIE,108.555
NATURE MEDICINE,NAT MED,1078-8956,1546-170X,BIOCHEMISTRY & MOLECULAR BIOLOGY - SCIE; CELL BIOLOGY - SCIE,87.244
Lancet Microbe,LANCET MICROBE,N/A,2666-5247,INFECTIOUS DISEASES - SCIE; MICROBIOLOGY - SCIE,86.208
NATURE REVIEWS MICROBIOLOGY,NAT REV MICROBIOL,1740-1526,1740-1534,MICROBIOLOGY - SCIE,78.297
CHEMICAL REVIEWS,CHEM REV,0009-2665,1520-6890,"CHEMISTRY, MULTIDISCIPLINARY - SCIE",72.087
LANCET INFECTIOUS DISEASES,LANCET INFECT DIS,1473-3099,1474-4457,INFECTIOUS DISEASES - SCIE,71.421
NATURE,NATURE,0028-0836,1476-4687,MULTIDISCIPLINARY SCIENCES - SCIE,69.504
NATURE BIOTECHNOLOGY,NAT BIOTECHNOL,1087-0156,1546-1696,BIOTECHNOLOGY & APPLIED MICROBIOLOGY - SCIE,68.164
CELL,CELL,0092-8674,1097-4172,BIOCHEMISTRY & MOLECULAR BIOLOGY - SCIE; CELL BIOLOGY - SCIE,66.85
SCIENCE,SCIENCE,0036-8075,1095-9203,MULTIDISCIPLINARY SCIENCES - SCIE,63.832
CHEMICAL SOCIETY REVIEWS,CHEM SOC REV,0306-0012,1460-4744,"CHEMISTRY, MULTIDISCIPLINARY - SCIE",60.615
CLINICAL MICROBIOLOGY REVIEWS,CLIN MICROBIOL REV,0893-8512,1098-6618,MICROBIOLOGY - SCIE,50.129
PHYSIOLOGICAL REVIEWS,PHYSIOL REV,0031-9333,1522-1210,PHYSIOLOGY - SCIE,46.513
CELL RESEARCH,CELL RES,1001-0602,1748-7838,CELL BIOLOGY - SCIE,46.351
Immunity,IMMUNITY,1074-7613,1097-4180,IMMUNOLOGY - SCIE,43.474
Molecular Cancer,MOL CANCER,N/A,1476-4598,BIOCHEMISTRY & MOLECULAR BIOLOGY - SCIE,41.444
Energy & Environmental Science,ENERG ENVIRON SCI,1754-5692,1754-5706,"CHEMISTRY, MULTIDISCIPLINARY - SCIE; ENVIRONMENTAL SCIENCES - SCIE",39.714
JOURNAL OF TRAVEL MEDICINE,J TRAVEL MED,1195-1982,1708-8305,INFECTIOUS DISEASES - SCIE,39.194
JOURNAL OF INFECTION,J INFECTION,0163-4453,1532-2742,INFECTIOUS DISEASES - SCIE,38.637
CANCER CELL,CANCER CELL,1535-6108,1878-3686,CELL BIOLOGY - SCIE,38.585
Signal Transduction and Targeted Therapy,SIGNAL TRANSDUCT TAR,2095-9907,2059-3635,BIOCHEMISTRY & MOLECULAR BIOLOGY - SCIE; CELL BIOLOGY - SCIE,38.12
Cell Discovery,CELL DISCOV,N/A,2056-5968,CELL BIOLOGY - SCIE,38.09
Nature Reviews Earth & Environment,NAT REV EARTH ENV,N/A,2662-138X,ENVIRONMENTAL SCIENCES - SCIE,37.214
PROGRESS IN ENERGY AND COMBUSTION SCIENCE,PROG ENERG COMBUST,0360-1285,1873-216X,THERMODYNAMICS - SCIE,35.339
Nature Reviews Chemistry,NAT REV CHEM,N/A,2397-3358,"CHEMISTRY, MULTIDISCIPLINARY - SCIE",34.571
Annual Review of Immunology,ANNU REV IMMUNOL,0732-0582,1545-3278,IMMUNOLOGY - SCIE,32.481
Annual Review of Pathology-Mechanisms of Disease,ANNU REV PATHOL-MECH,1553-4006,1553-4014,PATHOLOGY - SCIE,32.375
ADVANCED MATERIALS,ADV MATER,0935-9648,1521-4095,"CHEMISTRY, MULTIDISCIPLINARY - SCIE",32.086
Cell Metabolism,CELL METAB,1550-4131,1932-7420,CELL BIOLOGY - SCIE,31.373
Cell Host & Microbe,CELL HOST MICROBE,1931-3128,1934-6069,MICROBIOLOGY - SCIE; PARASITOLOGY - SCIE; VIROLOGY - SCIE,31.316
NATURE IMMUNOLOGY,NAT IMMUNOL,1529-2908,1529-2916,IMMUNOLOGY - SCIE,31.25
Nature Microbiology,NAT MICROBIOL,2058-5276,2058-5276,MICROBIOLOGY - SCIE,30.964
Science Immunology,SCI IMMUNOL,2470-9468,2470-9468,IMMUNOLOGY - SCIE,30.658
Nature Climate Change,NAT CLIM CHANGE,1758-678X,1758-6798,ENVIRONMENTAL SCIENCES - SCIE; ENVIRONMENTAL STUDIES - SSCI,28.862
Lancet Planetary Health,LANCET PLANET HEALTH,N/A,2542-5196,ENVIRONMENTAL SCIENCES - SCIE,28.75
NATURE CELL BIOLOGY,NAT CELL BIOL,1465-7392,1476-4679,CELL BIOLOGY - SCIE,28.213
Annual Review of Biochemistry,ANNU REV BIOCHEM,0066-4154,1545-4509,BIOCHEMISTRY & MOLECULAR BIOLOGY - SCIE,27.258
Nature Sustainability,NAT SUSTAIN,2398-9629,2398-9629,ENVIRONMENTAL SCIENCES - SCIE; ENVIRONMENTAL STUDIES - SSCI,27.157
Chem,CHEM-US,2451-9294,2451-9294,"CHEMISTRY, MULTIDISCIPLINARY - SCIE",25.832
Cell Stem Cell,CELL STEM CELL,1934-5909,1875-9777,CELL BIOLOGY - SCIE,25.269
ACCOUNTS OF CHEMICAL RESEARCH,ACCOUNTS CHEM RES,0001-4842,1520-4898,"CHEMISTRY, MULTIDISCIPLINARY - SCIE",24.466
Nature Chemistry,NAT CHEM,1755-4330,1755-4349,"CHEMISTRY, MULTIDISCIPLINARY - SCIE",24.274
Nature Human Behaviour,NAT HUM BEHAV,2397-3374,2397-3374,MULTIDISCIPLINARY SCIENCES - SCIE,24.252
National Science Review,NATL SCI REV,2095-5138,2053-714X,MULTIDISCIPLINARY SCIENCES - SCIE,23.178
Trends in Chemistry,TRENDS CHEM,N/A,2589-5974,"CHEMISTRY, MULTIDISCIPLINARY - SCIE",22.448
Annual Review of Physiology,ANNU REV PHYSIOL,0066-4278,1545-1585,PHYSIOLOGY - SCIE,22.163
Cellular & Molecular Immunology,CELL MOL IMMUNOL,1672-7681,2042-0226,IMMUNOLOGY - SCIE,22.1
Molecular Plant,MOL PLANT,1674-2052,1752-9867,BIOCHEMISTRY & MOLECULAR BIOLOGY - SCIE,21.949
TRENDS IN BIOTECHNOLOGY,TRENDS BIOTECHNOL,0167-7799,1879-3096,BIOTECHNOLOGY & APPLIED MICROBIOLOGY - SCIE,21.942
Eurosurveillance,EUROSURVEILLANCE,1025-496X,1560-7917,INFECTIOUS DISEASES - SCIE,21.286
TRENDS IN CELL BIOLOGY,TRENDS CELL BIOL,0962-8924,1879-3088,CELL BIOLOGY - SCIE,21.167
CLINICAL INFECTIOUS DISEASES,CLIN INFECT DIS,1058-4838,1537-6591,IMMUNOLOGY - SCIE; INFECTIOUS DISEASES - SCIE; MICROBIOLOGY - SCIE,20.999
JOURNAL OF MEDICAL VIROLOGY,J MED VIROL,0146-6615,1096-9071,VIROLOGY - SCIE,20.693
TRENDS IN ECOLOGY & EVOLUTION,TRENDS ECOL EVOL,0169-5347,1872-8383,ECOLOGY - SCIE; EVOLUTIONARY BIOLOGY - SCIE,20.589
Science Bulletin,SCI BULL,2095-9273,2095-9281,MULTIDISCIPLINARY SCIENCES - SCIE,20.577
Travel Medicine and Infectious Disease,TRAVEL MED INFECT DI,1477-8939,1873-0442,INFECTIOUS DISEASES - SCIE,20.441
ADVANCED FUNCTIONAL MATERIALS,ADV FUNCT MATER,1616-301X,1616-3028,"CHEMISTRY, MULTIDISCIPLINARY - SCIE",19.924
TRENDS IN IMMUNOLOGY,TRENDS IMMUNOL,1471-4906,1471-4981,IMMUNOLOGY - SCIE,19.709
Emerging Microbes & Infections,EMERG MICROBES INFEC,N/A,2222-1751,IMMUNOLOGY - SCIE; INFECTIOUS DISEASES - SCIE; MICROBIOLOGY - SCIE,19.568
Science Translational Medicine,SCI TRANSL MED,1946-6234,1946-6242,CELL BIOLOGY - SCIE,19.343
Molecular Cell,MOL CELL,1097-2765,1097-4164,BIOCHEMISTRY & MOLECULAR BIOLOGY - SCIE; CELL BIOLOGY - SCIE,19.328
BRAIN BEHAVIOR AND IMMUNITY,BRAIN BEHAV IMMUN,0889-1591,1090-2139,IMMUNOLOGY - SCIE,19.227
NUCLEIC ACIDS RESEARCH,NUCLEIC ACIDS RES,0305-1048,1362-4962,BIOCHEMISTRY & MOLECULAR BIOLOGY - SCIE,19.16
Nature Ecology & Evolution,NAT ECOL EVOL,2397-334X,2397-334X,ECOLOGY - SCIE; EVOLUTIONARY BIOLOGY - SCIE,19.1
Nano Today,NANO TODAY,1748-0132,1878-044X,"CHEMISTRY, MULTIDISCIPLINARY - SCIE",18.962
ACS Central Science,ACS CENTRAL SCI,2374-7943,2374-7951,"CHEMISTRY, MULTIDISCIPLINARY - SCIE",18.728
NATURE STRUCTURAL & MOLECULAR BIOLOGY,NAT STRUCT MOL BIOL,1545-9993,1545-9985,BIOCHEMISTRY & MOLECULAR BIOLOGY - SCIE; CELL BIOLOGY - SCIE,18.361
TRENDS IN MICROBIOLOGY,TRENDS MICROBIOL,0966-842X,1878-4380,BIOCHEMISTRY & MOLECULAR BIOLOGY - SCIE; MICROBIOLOGY - SCIE,18.23
ACS Nano,ACS NANO,1936-0851,1936-086X,"CHEMISTRY, MULTIDISCIPLINARY - SCIE",18.027
GENOME BIOLOGY,GENOME BIOL,1474-760X,1474-760X,BIOTECHNOLOGY & APPLIED MICROBIOLOGY - SCIE,18.01
Annual Review of Environment and Resources,ANNU REV ENV RESOUR,1543-5938,1545-2050,ENVIRONMENTAL SCIENCES - SCIE; ENVIRONMENTAL STUDIES - SSCI,17.909
Nature Communications,NAT COMMUN,N/A,2041-1723,MULTIDISCIPLINARY SCIENCES - SCIE,17.694
BIOTECHNOLOGY ADVANCES,BIOTECHNOL ADV,0734-9750,1873-1899,BIOTECHNOLOGY & APPLIED MICROBIOLOGY - SCIE,17.681
CYTOKINE & GROWTH FACTOR REVIEWS,CYTOKINE GROWTH F R,1359-6101,1879-0305,BIOCHEMISTRY & MOLECULAR BIOLOGY - SCIE; CELL BIOLOGY - SCIE,17.66
JOURNAL OF EXPERIMENTAL MEDICINE,J EXP MED,0022-1007,1540-9538,IMMUNOLOGY - SCIE,17.579
Advanced Science,ADV SCI,N/A,2198-3844,"CHEMISTRY, MULTIDISCIPLINARY - SCIE",17.521
AUTOIMMUNITY REVIEWS,AUTOIMMUN REV,1568-9972,1873-0183,IMMUNOLOGY - SCIE,17.39
Journal of Extracellular Vesicles,J EXTRACELL VESICLES,N/A,2001-3078,CELL BIOLOGY - SCIE,17.337
Cell Reports Medicine,CELL REP MED,2666-3791,2666-3791,CELL BIOLOGY - SCIE,16.988
Bioactive Materials,BIOACT MATER,N/A,2452-199X,"MATERIALS SCIENCE, BIOMATERIALS - SCIE",16.874
Microbiome,MICROBIOME,2049-2618,2049-2618,MICROBIOLOGY - SCIE,16.837
ANGEWANDTE CHEMIE-INTERNATIONAL EDITION,ANGEW CHEM INT EDIT,1433-7851,1521-3773,"CHEMISTRY, MULTIDISCIPLINARY - SCIE",16.823
Annual Review of Marine Science,ANNU REV MAR SCI,1941-1405,1941-0611,MARINE & FRESHWATER BIOLOGY - SCIE; OCEANOGRAPHY - SCIE,16.561
Annual Review of Pharmacology and Toxicology,ANNU REV PHARMACOL,0362-1642,1545-4304,TOXICOLOGY - SCIE,16.459
Journal of the American Chemical Society,J AM CHEM SOC,0002-7863,1520-5126,"CHEMISTRY, MULTIDISCIPLINARY - SCIE",16.383
MOLECULAR ASPECTS OF MEDICINE,MOL ASPECTS MED,0098-2997,1872-9452,BIOCHEMISTRY & MOLECULAR BIOLOGY - SCIE,16.337
Nature Chemical Biology,NAT CHEM BIOL,1552-4450,1552-4469,BIOCHEMISTRY & MOLECULAR BIOLOGY - SCIE,16.284
Annual Review of Microbiology,ANNU REV MICROBIOL,0066-4227,1545-3251,MICROBIOLOGY - SCIE,16.232
EMERGING INFECTIOUS DISEASES,EMERG INFECT DIS,1080-6040,1080-6059,IMMUNOLOGY - SCIE; INFECTIOUS DISEASES - SCIE,16.126
Lancet HIV,LANCET HIV,2352-3018,2352-3018,IMMUNOLOGY - SCIE; INFECTIOUS DISEASES - SCIE,16.07
ACTA NEUROPATHOLOGICA,ACTA NEUROPATHOL,0001-6322,1432-0533,PATHOLOGY - SCIE,15.887
Biomaterials Research,BIOMATER RES,1226-4601,2055-7124,"MATERIALS SCIENCE, BIOMATERIALS - SCIE",15.863
Materials Horizons,MATER HORIZ,2051-6347,2051-6355,"CHEMISTRY, MULTIDISCIPLINARY - SCIE",15.717
International Journal of Antimicrobial Agents,INT J ANTIMICROB AG,0924-8579,1872-7913,INFECTIOUS DISEASES - SCIE; MICROBIOLOGY - SCIE,15.441
Protein & Cell,PROTEIN CELL,1674-800X,1674-8018,CELL BIOLOGY - SCIE,15.328
BIOMATERIALS,BIOMATERIALS,0142-9612,1878-5905,"MATERIALS SCIENCE, BIOMATERIALS - SCIE",15.304
TRENDS IN MOLECULAR MEDICINE,TRENDS MOL MED,1471-4914,1471-499X,BIOCHEMISTRY & MOLECULAR BIOLOGY - SCIE; CELL BIOLOGY - SCIE,15.272
FEMS MICROBIOLOGY REVIEWS,FEMS MICROBIOL REV,0168-6445,1574-6976,MICROBIOLOGY - SCIE,15.177
Small,SMALL,1613-6810,1613-6829,"CHEMISTRY, MULTIDISCIPLINARY - SCIE",15.153
NATURAL PRODUCT REPORTS,NAT PROD REP,0265-0568,1460-4752,BIOCHEMISTRY & MOLECULAR BIOLOGY - SCIE,15.111
Science Advances,SCI ADV,2375-2548,2375-2548,MULTIDISCIPLINARY SCIENCES - SCIE,14.98
One Earth,ONE EARTH,2590-3330,2590-3322,ENVIRONMENTAL SCIENCES - SCIE; ENVIRONMENTAL STUDIES - SSCI,14.944
ALLERGY,ALLERGY,0105-4538,1398-9995,IMMUNOLOGY - SCIE,14.71
PROGRESS IN LIPID RESEARCH,PROG LIPID RES,0163-7827,1873-2194,BIOCHEMISTRY & MOLECULAR BIOLOGY - SCIE,14.673
JOURNAL OF AUTOIMMUNITY,J AUTOIMMUN,0896-8411,1095-9157,IMMUNOLOGY - SCIE,14.511
JOURNAL OF CLINICAL VIROLOGY,J CLIN VIROL,1386-6532,1873-5967,VIROLOGY - SCIE,14.481
BIOLOGICAL REVIEWS,BIOL REV,1464-7931,1469-185X,BIOLOGY - SCIE,14.355
Annual Review of Ecology Evolution and Systematics,ANNU REV ECOL EVOL S,1543-592X,1545-2069,ECOLOGY - SCIE; EVOLUTIONARY BIOLOGY - SCIE,14.34
JOURNAL OF ALLERGY AND CLINICAL IMMUNOLOGY,J ALLERGY CLIN IMMUN,0091-6749,1097-6825,IMMUNOLOGY - SCIE,14.29
REVIEWS IN ENVIRONMENTAL SCIENCE AND BIO-TECHNOLOGY,REV ENVIRON SCI BIO,1569-1705,1572-9826,BIOTECHNOLOGY & APPLIED MICROBIOLOGY - SCIE; ENVIRONMENTAL SCIENCES - SCIE,14.284
TRENDS IN BIOCHEMICAL SCIENCES,TRENDS BIOCHEM SCI,0968-0004,1362-4326,BIOCHEMISTRY & MOLECULAR BIOLOGY - SCIE,14.264
Annual Review of Virology,ANNU REV VIROL,2327-056X,2327-0578,VIROLOGY - SCIE,14.263
JOURNAL OF HAZARDOUS MATERIALS,J HAZARD MATER,0304-3894,1873-3336,ENVIRONMENTAL SCIENCES - SCIE,14.224
BRIEFINGS IN BIOINFORMATICS,BRIEF BIOINFORM,1467-5463,1477-4054,MATHEMATICAL & COMPUTATIONAL BIOLOGY - SCIE,13.994
REMOTE SENSING OF ENVIRONMENT,REMOTE SENS ENVIRON,0034-4257,1879-0704,ENVIRONMENTAL SCIENCES - SCIE,13.85
FRONTIERS IN ECOLOGY AND THE ENVIRONMENT,FRONT ECOL ENVIRON,1540-9295,1540-9309,ECOLOGY - SCIE; ENVIRONMENTAL SCIENCES - SCIE,13.789
EMBO JOURNAL,EMBO J,0261-4189,1460-2075,BIOCHEMISTRY & MOLECULAR BIOLOGY - SCIE; CELL BIOLOGY - SCIE,13.783
RESOURCES CONSERVATION AND RECYCLING,RESOUR CONSERV RECY,0921-3449,1879-0658,ENVIRONMENTAL SCIENCES - SCIE,13.716
Trends in Environmental Analytical Chemistry,TRENDS ENVIRON ANAL,2214-1588,2214-1588,ENVIRONMENTAL SCIENCES - SCIE,13.622
Environmental Chemistry Letters,ENVIRON CHEM LETT,1610-3653,1610-3661,"CHEMISTRY, MULTIDISCIPLINARY - SCIE; ENVIRONMENTAL SCIENCES - SCIE",13.615
MOLECULAR PSYCHIATRY,MOL PSYCHIATR,1359-4184,1476-5578,BIOCHEMISTRY & MOLECULAR BIOLOGY - SCIE,13.437
DEVELOPMENTAL CELL,DEV CELL,1534-5807,1878-1551,CELL BIOLOGY - SCIE,13.417
WATER RESEARCH,WATER RES,0043-1354,1879-2448,ENVIRONMENTAL SCIENCES - SCIE; WATER RESOURCES - SCIE,13.4
Autophagy,AUTOPHAGY,1554-8627,1554-8635,CELL BIOLOGY - SCIE,13.391
ENVIRONMENT INTERNATIONAL,ENVIRON INT,0160-4120,1873-6750,ENVIRONMENTAL SCIENCES - SCIE,13.352
Annual Review of Animal Biosciences,ANNU REV ANIM BIOSCI,2165-8102,2165-8110,BIOTECHNOLOGY & APPLIED MICROBIOLOGY - SCIE; ZOOLOGY - SCIE,13.341
CLINICAL MICROBIOLOGY AND INFECTION,CLIN MICROBIOL INFEC,1198-743X,1469-0691,INFECTIOUS DISEASES - SCIE; MICROBIOLOGY - SCIE,13.31
PLANT BIOTECHNOLOGY JOURNAL,PLANT BIOTECHNOL J,1467-7644,1467-7652,BIOTECHNOLOGY & APPLIED MICROBIOLOGY - SCIE,13.263
GLOBAL CHANGE BIOLOGY,GLOBAL CHANGE BIOL,1354-1013,1365-2486,BIODIVERSITY CONSERVATION - SCIE; ECOLOGY - SCIE; ENVIRONMENTAL SCIENCES - SCIE,13.212
MICROBIOLOGY AND MOLECULAR BIOLOGY REVIEWS,MICROBIOL MOL BIOL R,1092-2172,1098-5557,MICROBIOLOGY - SCIE,13.044
MOLECULAR THERAPY,MOL THER,1525-0016,1525-0024,BIOTECHNOLOGY & APPLIED MICROBIOLOGY - SCIE,12.91
GENES & DEVELOPMENT,GENE DEV,0890-9369,1549-5477,CELL BIOLOGY - SCIE,12.89
Tourism Management,TOURISM MANAGE,0261-5177,1879-3193,ENVIRONMENTAL STUDIES - SSCI,12.879
Journal of Advanced Research,J ADV RES,2090-1232,2090-1224,MULTIDISCIPLINARY SCIENCES - SCIE,12.822
PROCEEDINGS OF THE NATIONAL ACADEMY OF SCIENCES OF THE UNITED STATES OF AMERICA,P NATL ACAD SCI USA,0027-8424,1091-6490,MULTIDISCIPLINARY SCIENCES - SCIE,12.779
JOURNAL OF BIOMEDICAL SCIENCE,J BIOMED SCI,1021-7770,1423-0127,CELL BIOLOGY - SCIE,12.771
Molecular Systems Biology,MOL SYST BIOL,1744-4292,1744-4292,BIOCHEMISTRY & MOLECULAR BIOLOGY - SCIE,12.744
BIOSENSORS & BIOELECTRONICS,BIOSENS BIOELECTRON,0956-5663,1873-4235,BIOTECHNOLOGY & APPLIED MICROBIOLOGY - SCIE,12.545
Journal for ImmunoTherapy of Cancer,J IMMUNOTHER CANCER,N/A,2051-1426,IMMUNOLOGY - SCIE,12.485
NANO LETTERS,NANO LETT,1530-6984,1530-6992,"CHEMISTRY, MULTIDISCIPLINARY - SCIE",12.262
npj Clean Water,NPJ CLEAN WATER,2059-7037,2059-7037,ENVIRONMENTAL SCIENCES - SCIE; WATER RESOURCES - SCIE,12.19
EXPERIMENTAL AND MOLECULAR MEDICINE,EXP MOL MED,1226-3613,2092-6413,BIOCHEMISTRY & MOLECULAR BIOLOGY - SCIE,12.172
PLANT CELL,PLANT CELL,1040-4651,1532-298X,BIOCHEMISTRY & MOLECULAR BIOLOGY - SCIE; CELL BIOLOGY - SCIE,12.085
JOURNAL OF PINEAL RESEARCH,J PINEAL RES,0742-3098,1600-079X,PHYSIOLOGY - SCIE,12.081
CELL DEATH AND DIFFERENTIATION,CELL DEATH DIFFER,1350-9047,1476-5403,BIOCHEMISTRY & MOLECULAR BIOLOGY - SCIE; CELL BIOLOGY - SCIE,12.073
INTERNATIONAL JOURNAL OF INFECTIOUS DISEASES,INT J INFECT DIS,1201-9712,1878-3511,INFECTIOUS DISEASES - SCIE,12.073
Cancer Immunology Research,CANCER IMMUNOL RES,2326-6066,2326-6074,IMMUNOLOGY - SCIE,12.02
Annual Review of Cell and Developmental Biology,ANNU REV CELL DEV BI,1081-0706,1530-8995,CELL BIOLOGY - SCIE,11.902
BIORESOURCE TECHNOLOGY,BIORESOURCE TECHNOL,0960-8524,1873-2976,BIOTECHNOLOGY & APPLIED MICROBIOLOGY - SCIE,11.889
PHYSIOLOGY,PHYSIOLOGY,1548-9213,1548-9221,PHYSIOLOGY - SCIE,11.846
AGEING RESEARCH REVIEWS,AGEING RES REV,1568-1637,1872-9649,CELL BIOLOGY - SCIE,11.788
Seminars in Immunopathology,SEMIN IMMUNOPATHOL,1863-2297,1863-2300,IMMUNOLOGY - SCIE; PATHOLOGY - SCIE,11.759
CRITICAL REVIEWS IN ENVIRONMENTAL SCIENCE AND TECHNOLOGY,CRIT REV ENV SCI TEC,1064-3389,1547-6537,ENVIRONMENTAL SCIENCES - SCIE,11.75
JOURNAL OF CLINICAL MICROBIOLOGY,J CLIN MICROBIOL,0095-1137,1098-660X,MICROBIOLOGY - SCIE,11.677
BIOSCIENCE,BIOSCIENCE,0006-3568,1525-3244,BIOLOGY - SCIE,11.572
Environmental Science & Technology Letters,ENVIRON SCI TECH LET,2328-8930,N/A,ENVIRONMENTAL SCIENCES - SCIE,11.558
ENERGY CONVERSION AND MANAGEMENT,ENERG CONVERS MANAGE,0196-8904,1879-2227,THERMODYNAMICS - SCIE,11.533
Wiley Interdisciplinary Reviews-Computational Molecular Science,WIRES COMPUT MOL SCI,1759-0876,1759-0884,"CHEMISTRY, MULTIDISCIPLINARY - SCIE; MATHEMATICAL & COMPUTATIONAL BIOLOGY - SCIE",11.5
JOURNAL OF CONTROLLED RELEASE,J CONTROL RELEASE,0168-3659,1873-4995,"CHEMISTRY, MULTIDISCIPLINARY - SCIE",11.467
Biochar,BIOCHAR,2524-7972,2524-7867,ENVIRONMENTAL SCIENCES - SCIE,11.452
DRUGS,DRUGS,0012-6667,1179-1950,TOXICOLOGY - SCIE,11.431
BIOCHIMICA ET BIOPHYSICA ACTA-REVIEWS ON CANCER,BBA-REV CANCER,0304-419X,1879-2561,BIOCHEMISTRY & MOLECULAR BIOLOGY - SCIE,11.414
ENVIRONMENTAL SCIENCE & TECHNOLOGY,ENVIRON SCI TECHNOL,0013-936X,1520-5851,ENVIRONMENTAL SCIENCES - SCIE,11.357
ECOLOGY LETTERS,ECOL LETT,1461-023X,1461-0248,ECOLOGY - SCIE,11.274
ISME Journal,ISME J,1751-7362,1751-7370,ECOLOGY - SCIE; MICROBIOLOGY - SCIE,11.217
DESALINATION,DESALINATION,0011-9164,1873-4464,WATER RESOURCES - SCIE,11.211
GLOBAL ENVIRONMENTAL CHANGE-HUMAN AND POLICY DIMENSIONS,GLOBAL ENVIRON CHANG,0959-3780,1872-9495,ENVIRONMENTAL SCIENCES - SCIE; ENVIRONMENTAL STUDIES - SSCI,11.16
Advanced Healthcare Materials,ADV HEALTHC MATER,2192-2640,2192-2659,"MATERIALS SCIENCE, BIOMATERIALS - SCIE",11.092
Cell Systems,CELL SYST,2405-4712,2405-4720,BIOCHEMISTRY & MOLECULAR BIOLOGY - SCIE; CELL BIOLOGY - SCIE,11.091
Journal of Cleaner Production,J CLEAN PROD,0959-6526,1879-1786,ENVIRONMENTAL SCIENCES - SCIE,11.072
EXERCISE IMMUNOLOGY REVIEW,EXERC IMMUNOL REV,1077-5552,1077-5552,IMMUNOLOGY - SCIE,11.067
Biofabrication,BIOFABRICATION,1758-5082,1758-5090,"MATERIALS SCIENCE, BIOMATERIALS - SCIE",11.061
REVIEWS IN MEDICAL VIROLOGY,REV MED VIROL,1052-9276,1099-1654,VIROLOGY - SCIE,11.043
Research,RESEARCH-CHINA,2096-5168,2639-5274,MULTIDISCIPLINARY SCIENCES - SCIE,11.036
ENVIRONMENTAL HEALTH PERSPECTIVES,ENVIRON HEALTH PERSP,0091-6765,1552-9924,ENVIRONMENTAL SCIENCES - SCIE; TOXICOLOGY - SCIE,11.035
GREEN CHEMISTRY,GREEN CHEM,1463-9262,1463-9270,"CHEMISTRY, MULTIDISCIPLINARY - SCIE",11.034
Journal of Allergy and Clinical Immunology-In Practice,J ALLER CL IMM-PRACT,2213-2198,2213-2201,IMMUNOLOGY - SCIE,11.022
AGING CELL,AGING CELL,1474-9718,1474-9726,CELL BIOLOGY - SCIE,11.005
IMMUNOLOGICAL REVIEWS,IMMUNOL REV,0105-2896,1600-065X,IMMUNOLOGY - SCIE,10.983
CURRENT BIOLOGY,CURR BIOL,0960-9822,1879-0445,BIOCHEMISTRY & MOLECULAR BIOLOGY - SCIE; BIOLOGY - SCIE; CELL BIOLOGY - SCIE,10.9
CLINICAL REVIEWS IN ALLERGY & IMMUNOLOGY,CLIN REV ALLERG IMMU,1080-0549,1559-0267,IMMUNOLOGY - SCIE,10.817
Business Strategy and the Environment,BUS STRATEG ENVIRON,0964-4733,1099-0836,ENVIRONMENTAL STUDIES - SSCI,10.801
Redox Biology,REDOX BIOL,2213-2317,2213-2317,BIOCHEMISTRY & MOLECULAR BIOLOGY - SCIE,10.787
Materials Today Bio,MATER TODAY BIO,2590-0064,2590-0064,"MATERIALS SCIENCE, BIOMATERIALS - SCIE",10.761
Science of the Total Environment,SCI TOTAL ENVIRON,0048-9697,1879-1026,ENVIRONMENTAL SCIENCES - SCIE,10.754
International Journal of Biological Sciences,INT J BIOL SCI,1449-2288,1449-2288,BIOCHEMISTRY & MOLECULAR BIOLOGY - SCIE,10.75
SEMINARS IN IMMUNOLOGY,SEMIN IMMUNOL,1044-5323,1096-3618,IMMUNOLOGY - SCIE,10.671
Acta Biomaterialia,ACTA BIOMATER,1742-7061,1878-7568,"MATERIALS SCIENCE, BIOMATERIALS - SCIE",10.633
TRENDS IN PARASITOLOGY,TRENDS PARASITOL,1471-4922,1471-5007,PARASITOLOGY - SCIE,10.528
Infectious Diseases of Poverty,INFECT DIS POVERTY,2095-5162,2049-9957,INFECTIOUS DISEASES - SCIE; PARASITOLOGY - SCIE,10.485
MATRIX BIOLOGY,MATRIX BIOL,0945-053X,1569-1802,BIOCHEMISTRY & MOLECULAR BIOLOGY - SCIE; CELL BIOLOGY - SCIE,10.447
Inflammation and Regeneration,INFLAMM REGEN,N/A,1880-8190,IMMUNOLOGY - SCIE,10.426
Science China-Life Sciences,SCI CHINA LIFE SCI,1674-7305,1869-1889,BIOLOGY - SCIE,10.384
CURRENT OPINION IN BIOTECHNOLOGY,CURR OPIN BIOTECH,0958-1669,1879-0429,BIOTECHNOLOGY & APPLIED MICROBIOLOGY - SCIE,10.279
JOURNAL OF MICROBIOLOGY IMMUNOLOGY AND INFECTION,J MICROBIOL IMMUNOL,1684-1182,1995-9133,IMMUNOLOGY - SCIE; INFECTIOUS DISEASES - SCIE; MICROBIOLOGY - SCIE,10.273
Journal of Environmental Informatics,J ENVIRON INFORM,1726-2135,1684-8799,ENVIRONMENTAL SCIENCES - SCIE,10.22
CLINICAL IMMUNOLOGY,CLIN IMMUNOL,1521-6616,1521-7035,IMMUNOLOGY - SCIE,10.19
Science China-Chemistry,SCI CHINA CHEM,1674-7291,1869-1870,"CHEMISTRY, MULTIDISCIPLINARY - SCIE",10.152
ANTIVIRAL RESEARCH,ANTIVIR RES,0166-3542,1872-9096,VIROLOGY - SCIE,10.103
Wiley Interdisciplinary Reviews-Climate Change,WIRES CLIM CHANGE,1757-7780,1757-7799,ENVIRONMENTAL STUDIES - SSCI,10.072
Conservation Letters,CONSERV LETT,1755-263X,1755-263X,BIODIVERSITY CONSERVATION - SCIE,10.068
Cell Reports,CELL REP,2211-1247,2211-1247,CELL BIOLOGY - SCIE,9.995
ENVIRONMENTAL POLLUTION,ENVIRON POLLUT,0269-7491,1873-6424,ENVIRONMENTAL SCIENCES - SCIE,9.988
Chemical Science,CHEM SCI,2041-6520,2041-6539,"CHEMISTRY, MULTIDISCIPLINARY - SCIE",9.969
Advances in Virus Research,ADV VIRUS RES,0065-3527,1557-8399,VIROLOGY - SCIE,9.938
JOURNAL OF PATHOLOGY,J PATHOL,0022-3417,1096-9896,PATHOLOGY - SCIE,9.883
Physics of Life Reviews,PHYS LIFE REV,1571-0645,1873-1457,BIOLOGY - SCIE,9.833
ECOLOGICAL MONOGRAPHS,ECOL MONOGR,0012-9615,1557-7015,ECOLOGY - SCIE,9.814
Science Signaling,SCI SIGNAL,1945-0877,1937-9145,BIOCHEMISTRY & MOLECULAR BIOLOGY - SCIE; CELL BIOLOGY - SCIE,9.714
Cold Spring Harbor Perspectives in Biology,CSH PERSPECT BIOL,1943-0264,1943-0264,CELL BIOLOGY - SCIE,9.708
Immunity & Ageing,IMMUN AGEING,1742-4933,1742-4933,IMMUNOLOGY - SCIE,9.701
Cell Death & Disease,CELL DEATH DIS,2041-4889,2041-4889,CELL BIOLOGY - SCIE,9.696
ACS Sensors,ACS SENSORS,2379-3694,2379-3694,"CHEMISTRY, MULTIDISCIPLINARY - SCIE",9.618
Cell and Bioscience,CELL BIOSCI,N/A,2045-3701,BIOCHEMISTRY & MOLECULAR BIOLOGY - SCIE,9.597
PLOS BIOLOGY,PLOS BIOL,1544-9173,1545-7885,BIOCHEMISTRY & MOLECULAR BIOLOGY - SCIE; BIOLOGY - SCIE,9.593
Journal of Neuroinflammation,J NEUROINFLAMM,N/A,1742-2094,IMMUNOLOGY - SCIE,9.589
MICROBES AND INFECTION,MICROBES INFECT,1286-4579,1769-714X,IMMUNOLOGY - SCIE; INFECTIOUS DISEASES - SCIE; MICROBIOLOGY - SCIE,9.57
Environmental Science-Nano,ENVIRON SCI-NANO,2051-8153,2051-8161,"CHEMISTRY, MULTIDISCIPLINARY - SCIE; ENVIRONMENTAL SCIENCES - SCIE",9.473
GENOME RESEARCH,GENOME RES,1088-9051,1549-5469,BIOCHEMISTRY & MOLECULAR BIOLOGY - SCIE; BIOTECHNOLOGY & APPLIED MICROBIOLOGY - SCIE,9.438
Gut Microbes,GUT MICROBES,1949-0976,1949-0984,MICROBIOLOGY - SCIE,9.434
JOURNAL OF NANOBIOTECHNOLOGY,J NANOBIOTECHNOL,N/A,1477-3155,BIOTECHNOLOGY & APPLIED MICROBIOLOGY - SCIE,9.429
EMBO REPORTS,EMBO REP,1469-221X,1469-3178,BIOCHEMISTRY & MOLECULAR BIOLOGY - SCIE; CELL BIOLOGY - SCIE,9.421
npj Vaccines,NPJ VACCINES,N/A,2059-0105,IMMUNOLOGY - SCIE,9.399
Environmental Innovation and Societal Transitions,ENVIRON INNOV SOC TR,2210-4224,2210-4232,ENVIRONMENTAL SCIENCES - SCIE; ENVIRONMENTAL STUDIES - SSCI,9.377
Environmental Science and Ecotechnology,ENVIRON SCI ECOTECH,2666-4984,2666-4984,ENVIRONMENTAL SCIENCES - SCIE,9.371
Water Research X,WATER RES X,N/A,2589-9147,ENVIRONMENTAL SCIENCES - SCIE; WATER RESOURCES - SCIE,9.365
Wiley Interdisciplinary Reviews-RNA,WIRES RNA,1757-7004,1757-7012,CELL BIOLOGY - SCIE,9.349
ULTRASONICS SONOCHEMISTRY,ULTRASON SONOCHEM,1350-4177,1873-2828,"CHEMISTRY, MULTIDISCIPLINARY - SCIE",9.336
Research Synthesis Methods,RES SYNTH METHODS,1759-2879,1759-2887,MATHEMATICAL & COMPUTATIONAL BIOLOGY - SCIE; MULTIDISCIPLINARY SCIENCES - SCIE,9.308
CELLULAR AND MOLECULAR LIFE SCIENCES,CELL MOL LIFE SCI,1420-682X,1420-9071,BIOCHEMISTRY & MOLECULAR BIOLOGY - SCIE; CELL BIOLOGY - SCIE,9.234
ACS Sustainable Chemistry & Engineering,ACS SUSTAIN CHEM ENG,2168-0485,2168-0485,"CHEMISTRY, MULTIDISCIPLINARY - SCIE",9.224
HLA,HLA,2059-2302,2059-2310,CELL BIOLOGY - SCIE; IMMUNOLOGY - SCIE; PATHOLOGY - SCIE,9.2
Systemic Biology,SYST BIOL,1063-5157,1076-836X,EVOLUTIONARY BIOLOGY - SCIE,9.16
ChemSusChem,CHEMSUSCHEM,1864-5631,1864-564X,"CHEMISTRY, MULTIDISCIPLINARY - SCIE",9.14
Particle and Fibre Toxicology,PART FIBRE TOXICOL,1743-8977,1743-8977,TOXICOLOGY - SCIE,9.112
Journal of Integrative Plant Biology,J INTEGR PLANT BIOL,1672-9072,1744-7909,BIOCHEMISTRY & MOLECULAR BIOLOGY - SCIE,9.106
BioScience Trends,BIOSCI TRENDS,1881-7815,1881-7823,BIOLOGY - SCIE,9.083
CRITICAL REVIEWS IN BIOTECHNOLOGY,CRIT REV BIOTECHNOL,0738-8551,1549-7801,BIOTECHNOLOGY & APPLIED MICROBIOLOGY - SCIE,9.062
Microbiology Spectrum,MICROBIOL SPECTR,2165-0497,2165-0497,MICROBIOLOGY - SCIE,9.043
Cell Chemical Biology,CELL CHEM BIOL,2451-9448,2451-9448,BIOCHEMISTRY & MOLECULAR BIOLOGY - SCIE,9.039
Mucosal Immunology,MUCOSAL IMMUNOL,1933-0219,1935-3456,IMMUNOLOGY - SCIE,9.02
One Health,ONE HEALTH-AMSTERDAM,N/A,2352-7714,INFECTIOUS DISEASES - SCIE,9
CURRENT OPINION IN CHEMICAL BIOLOGY,CURR OPIN CHEM BIOL,1367-5931,1879-0402,BIOCHEMISTRY & MOLECULAR BIOLOGY - SCIE,8.972
Journal of Hospital Infection,J HOSP INFECT,0195-6701,1532-2939,INFECTIOUS DISEASES - SCIE,8.944
Chemosphere,CHEMOSPHERE,0045-6535,1879-1298,ENVIRONMENTAL SCIENCES - SCIE,8.943
Sustainable Production and Consumption,SUSTAIN PROD CONSUMP,2352-5509,2352-5509,ENVIRONMENTAL STUDIES - SSCI,8.921
International Journal of Behavioral Nutrition and Physical Activity,INT J BEHAV NUTR PHY,N/A,1479-5868,PHYSIOLOGY - SCIE,8.915
Comprehensive Physiology,COMPR PHYSIOL,2040-4603,2040-4603,PHYSIOLOGY - SCIE,8.915
Journal of Environmental Management,J ENVIRON MANAGE,0301-4797,1095-8630,ENVIRONMENTAL SCIENCES - SCIE,8.91
Topics in Current Chemistry,TOPICS CURR CHEM,2365-0869,2364-8961,"CHEMISTRY, MULTIDISCIPLINARY - SCIE",8.905
Energy,ENERGY,0360-5442,1873-6785,THERMODYNAMICS - SCIE,8.857
Earths Future,EARTHS FUTURE,N/A,2328-4277,ENVIRONMENTAL SCIENCES - SCIE,8.852
Current Opinion in Green and Sustainable Chemistry,CURR OPIN GREEN SUST,2452-2236,2452-2236,"CHEMISTRY, MULTIDISCIPLINARY - SCIE",8.843
Exposure and Health,EXPOS HEALTH,2451-9766,2451-9685,WATER RESOURCES - SCIE,8.835
METABOLIC ENGINEERING,METAB ENG,1096-7176,1096-7184,BIOTECHNOLOGY & APPLIED MICROBIOLOGY - SCIE,8.829
Waste Management,WASTE MANAGE,0956-053X,1879-2456,ENVIRONMENTAL SCIENCES - SCIE,8.816
MOLECULAR BIOLOGY AND EVOLUTION,MOL BIOL EVOL,0737-4038,1537-1719,BIOCHEMISTRY & MOLECULAR BIOLOGY - SCIE; EVOLUTIONARY BIOLOGY - SCIE,8.8
Frontiers in Immunology,FRONT IMMUNOL,1664-3224,1664-3224,IMMUNOLOGY - SCIE,8.787
ONCOGENE,ONCOGENE,0950-9232,1476-5594,BIOCHEMISTRY & MOLECULAR BIOLOGY - SCIE; CELL BIOLOGY - SCIE,8.756
CELL PROLIFERATION,CELL PROLIFERAT,0960-7722,1365-2184,CELL BIOLOGY - SCIE,8.755
eLife,ELIFE,2050-084X,2050-084X,BIOLOGY - SCIE,8.713
CELLULAR & MOLECULAR BIOLOGY LETTERS,CELL MOL BIOL LETT,1425-8153,1689-1392,BIOCHEMISTRY & MOLECULAR BIOLOGY - SCIE; CELL BIOLOGY - SCIE,8.712
CRITICAL REVIEWS IN BIOCHEMISTRY AND MOLECULAR BIOLOGY,CRIT REV BIOCHEM MOL,1040-9238,1549-7798,BIOCHEMISTRY & MOLECULAR BIOLOGY - SCIE,8.697
Materials Chemistry Frontiers,MATER CHEM FRONT,N/A,2052-1537,"CHEMISTRY, MULTIDISCIPLINARY - SCIE",8.683
Molecular Ecology Resources,MOL ECOL RESOUR,1755-098X,1755-0998,BIOCHEMISTRY & MOLECULAR BIOLOGY - SCIE; ECOLOGY - SCIE; EVOLUTIONARY BIOLOGY - SCIE,8.678
Plant Communications,PLANT COMMUN,2590-3462,2590-3462,BIOCHEMISTRY & MOLECULAR BIOLOGY - SCIE,8.625
JOURNAL OF CLINICAL IMMUNOLOGY,J CLIN IMMUNOL,0271-9142,1573-2592,IMMUNOLOGY - SCIE,8.542
Energy Research & Social Science,ENERGY RES SOC SCI,2214-6296,2214-6326,ENVIRONMENTAL STUDIES - SSCI,8.514
Limnology and Oceanography Letters,LIMNOL OCEANOGR LETT,N/A,2378-2242,LIMNOLOGY - SCIE; OCEANOGRAPHY - SCIE,8.507
Scientific Data,SCI DATA,N/A,2052-4463,MULTIDISCIPLINARY SCIENCES - SCIE,8.501
Journal of Cheminformatics,J CHEMINFORMATICS,1758-2946,1758-2946,"CHEMISTRY, MULTIDISCIPLINARY - SCIE",8.489
Corporate Social Responsibility and Environmental Management,CORP SOC RESP ENV MA,1535-3958,1535-3966,ENVIRONMENTAL STUDIES - SSCI,8.464
npj Biofilms and Microbiomes,NPJ BIOFILMS MICROBI,N/A,2055-5008,BIOTECHNOLOGY & APPLIED MICROBIOLOGY - SCIE; MICROBIOLOGY - SCIE,8.462
Materials Science & Engineering C-Materials for Biological Applications,MAT SCI ENG C-MATER,0928-4931,1873-0191,"MATERIALS SCIENCE, BIOMATERIALS - SCIE",8.457
CHINESE CHEMICAL LETTERS,CHINESE CHEM LETT,1001-8417,1878-5964,"CHEMISTRY, MULTIDISCIPLINARY - SCIE",8.455
ENVIRONMENTAL RESEARCH,ENVIRON RES,0013-9351,1096-0953,ENVIRONMENTAL SCIENCES - SCIE,8.431
CURRENT OPINION IN CELL BIOLOGY,CURR OPIN CELL BIOL,0955-0674,1879-0410,CELL BIOLOGY - SCIE,8.386
Methods in Ecology and Evolution,METHODS ECOL EVOL,2041-210X,2041-2096,ECOLOGY - SCIE,8.335
AMERICAN STATISTICIAN,AM STAT,0003-1305,1537-2731,STATISTICS & PROBABILITY - SCIE,8.325
Journal of CO2 Utilization,J CO2 UTIL,2212-9820,2212-9839,"CHEMISTRY, MULTIDISCIPLINARY - SCIE",8.321
Nanoscale,NANOSCALE,2040-3364,2040-3372,"CHEMISTRY, MULTIDISCIPLINARY - SCIE",8.307
Resources Policy,RESOUR POLICY,0301-4207,1873-7641,ENVIRONMENTAL STUDIES - SSCI,8.222
MODERN PATHOLOGY,MODERN PATHOL,0893-3952,1530-0285,PATHOLOGY - SCIE,8.209
JOURNAL OF INVESTIGATIONAL ALLERGOLOGY AND CLINICAL IMMUNOLOGY,J INVEST ALLERG CLIN,1018-9068,1698-0808,IMMUNOLOGY - SCIE,8.185
Journal of Molecular Cell Biology,J MOL CELL BIOL,1674-2788,1759-4685,CELL BIOLOGY - SCIE,8.185
LANDSCAPE AND URBAN PLANNING,LANDSCAPE URBAN PLAN,0169-2046,1872-6062,ECOLOGY - SCIE; ENVIRONMENTAL STUDIES - SSCI,8.119
FREE RADICAL BIOLOGY AND MEDICINE,FREE RADICAL BIO MED,0891-5849,1873-4596,BIOCHEMISTRY & MOLECULAR BIOLOGY - SCIE,8.101
Current Pollution Reports,CURR POLLUT REP,2198-6592,2198-6592,ENVIRONMENTAL SCIENCES - SCIE,8.097
Stem Cell Research & Therapy,STEM CELL RES THER,N/A,1757-6512,CELL BIOLOGY - SCIE,8.088
JOURNAL OF CELL BIOLOGY,J CELL BIOL,0021-9525,1540-8140,CELL BIOLOGY - SCIE,8.077
JOURNAL OF TOXICOLOGY AND ENVIRONMENTAL HEALTH-PART B-CRITICAL REVIEWS,J TOXICOL ENV HEAL B,1093-7404,1521-6950,ENVIRONMENTAL SCIENCES - SCIE; TOXICOLOGY - SCIE,8.071
International Journal of Biological Macromolecules,INT J BIOL MACROMOL,0141-8130,1879-0003,BIOCHEMISTRY & MOLECULAR BIOLOGY - SCIE,8.025
Journal of Nanostructure in Chemistry,J NANOSTRUCTURE CHEM,2008-9244,2193-8865,"CHEMISTRY, MULTIDISCIPLINARY - SCIE",8
Current Opinion in Environmental Sustainability,CURR OPIN ENV SUST,1877-3435,1877-3443,ENVIRONMENTAL SCIENCES - SCIE,7.964
Annual Review of Statistics and Its Application,ANNU REV STAT APPL,2326-8298,2326-831X,STATISTICS & PROBABILITY - SCIE,7.917
Reviews of Environmental Contamination and Toxicology,REV ENVIRON CONTAM T,0179-5953,2197-6554,ENVIRONMENTAL SCIENCES - SCIE; TOXICOLOGY - SCIE,7.9
Biomedical Journal,BIOMED J,2319-4170,2320-2890,BIOCHEMISTRY & MOLECULAR BIOLOGY - SCIE,7.892
Cell Reports Physical Science,CELL REP PHYS SCI,N/A,2666-3864,"CHEMISTRY, MULTIDISCIPLINARY - SCIE",7.832
CURRENT OPINION IN STRUCTURAL BIOLOGY,CURR OPIN STRUC BIOL,0959-440X,1879-033X,BIOCHEMISTRY & MOLECULAR BIOLOGY - SCIE; CELL BIOLOGY - SCIE,7.786
mBio,MBIO,2150-7511,2150-7511,MICROBIOLOGY - SCIE,7.786
HISTOPATHOLOGY,HISTOPATHOLOGY,0309-0167,1365-2559,CELL BIOLOGY - SCIE; PATHOLOGY - SCIE,7.778
JOURNAL OF INFECTIOUS DISEASES,J INFECT DIS,0022-1899,1537-6613,IMMUNOLOGY - SCIE; INFECTIOUS DISEASES - SCIE; MICROBIOLOGY - SCIE,7.759
Environmental Technology & Innovation,ENVIRON TECHNOL INNO,2352-1864,2352-1864,BIOTECHNOLOGY & APPLIED MICROBIOLOGY - SCIE; ENVIRONMENTAL SCIENCES - SCIE,7.758
AMERICAN JOURNAL OF RESPIRATORY CELL AND MOLECULAR BIOLOGY,AM J RESP CELL MOL,1044-1549,1535-4989,BIOCHEMISTRY & MOLECULAR BIOLOGY - SCIE; CELL BIOLOGY - SCIE,7.748
BIODRUGS,BIODRUGS,1173-8804,1179-190X,IMMUNOLOGY - SCIE,7.744
OncoImmunology,ONCOIMMUNOLOGY,2162-402X,2162-402X,IMMUNOLOGY - SCIE,7.723
Antioxidants,ANTIOXIDANTS-BASEL,N/A,2076-3921,BIOCHEMISTRY & MOLECULAR BIOLOGY - SCIE,7.675
Biotechnology for Biofuels,BIOTECHNOL BIOFUELS,N/A,1754-6834,BIOTECHNOLOGY & APPLIED MICROBIOLOGY - SCIE,7.67
Cells,CELLS-BASEL,N/A,2073-4409,CELL BIOLOGY - SCIE,7.666
GigaScience,GIGASCIENCE,2047-217X,2047-217X,MULTIDISCIPLINARY SCIENCES - SCIE,7.658
JOURNAL OF ENVIRONMENTAL PSYCHOLOGY,J ENVIRON PSYCHOL,0272-4944,1522-9610,ENVIRONMENTAL STUDIES - SSCI,7.649
BIOLOGICAL RESEARCH,BIOL RES,0716-9760,0717-6287,BIOLOGY - SCIE,7.634
EXPERT REVIEWS IN MOLECULAR MEDICINE,EXPERT REV MOL MED,1462-3994,1462-3994,BIOCHEMISTRY & MOLECULAR BIOLOGY - SCIE,7.615
Materials Today Chemistry,MATER TODAY CHEM,2468-5194,2468-5194,"CHEMISTRY, MULTIDISCIPLINARY - SCIE",7.613
BRAIN PATHOLOGY,BRAIN PATHOL,1015-6305,1750-3639,PATHOLOGY - SCIE,7.611
Biomaterials Science,BIOMATER SCI-UK,2047-4830,2047-4849,"MATERIALS SCIENCE, BIOMATERIALS - SCIE",7.59
CURRENT OPINION IN MICROBIOLOGY,CURR OPIN MICROBIOL,1369-5274,1879-0364,MICROBIOLOGY - SCIE,7.584
Energy Policy,ENERG POLICY,0301-4215,1873-6777,ENVIRONMENTAL SCIENCES - SCIE; ENVIRONMENTAL STUDIES - SSCI,7.576
Journal of Materials Chemistry B,J MATER CHEM B,2050-750X,2050-7518,"MATERIALS SCIENCE, BIOMATERIALS - SCIE",7.571
CONSERVATION BIOLOGY,CONSERV BIOL,0888-8892,1523-1739,BIODIVERSITY CONSERVATION - SCIE; ECOLOGY - SCIE; ENVIRONMENTAL SCIENCES - SCIE,7.563
Cell Communication and Signaling,CELL COMMUN SIGNAL,N/A,1478-811X,CELL BIOLOGY - SCIE,7.54
Journal of Infection and Public Health,J INFECT PUBLIC HEAL,1876-0341,1876-035X,INFECTIOUS DISEASES - SCIE,7.537
Acta Physiologica,ACTA PHYSIOL,1748-1708,1748-1716,PHYSIOLOGY - SCIE,7.523
LAB ON A CHIP,LAB CHIP,1473-0197,1473-0189,"CHEMISTRY, MULTIDISCIPLINARY - SCIE",7.517
Reviews of Physiology Biochemistry and Pharmacology,REV PHYSIOL BIOCH P,0303-4240,N/A,BIOCHEMISTRY & MOLECULAR BIOLOGY - SCIE; PHYSIOLOGY - SCIE,7.5
People and Nature,PEOPLE NAT,N/A,2575-8314,BIODIVERSITY CONSERVATION - SCIE; ECOLOGY - SCIE,7.5
BIOLOGICAL CONSERVATION,BIOL CONSERV,0006-3207,1873-2917,BIODIVERSITY CONSERVATION - SCIE; ECOLOGY - SCIE; ENVIRONMENTAL SCIENCES - SCIE,7.499
SEMINARS IN CELL & DEVELOPMENTAL BIOLOGY,SEMIN CELL DEV BIOL,1084-9521,1096-3634,CELL BIOLOGY - SCIE,7.499
International Soil and Water Conservation Research,INT SOIL WATER CONSE,2095-6339,2589-059X,ENVIRONMENTAL SCIENCES - SCIE; WATER RESOURCES - SCIE,7.481
ALLERGOLOGY INTERNATIONAL,ALLERGOL INT,1323-8930,1440-1592,IMMUNOLOGY - SCIE,7.478
ANTIOXIDANTS & REDOX SIGNALING,ANTIOXID REDOX SIGN,1523-0864,1557-7716,BIOCHEMISTRY & MOLECULAR BIOLOGY - SCIE,7.468
PLoS Pathogens,PLOS PATHOG,1553-7366,1553-7374,MICROBIOLOGY - SCIE; PARASITOLOGY - SCIE; VIROLOGY - SCIE,7.464
RUSSIAN CHEMICAL REVIEWS,RUSS CHEM REV+,0036-021X,1468-4837,"CHEMISTRY, MULTIDISCIPLINARY - SCIE",7.46
INFECTION,INFECTION,0300-8126,1439-0973,INFECTIOUS DISEASES - SCIE,7.455
Wiley Interdisciplinary Reviews-Water,WIRES WATER,2049-1948,2049-1948,ENVIRONMENTAL SCIENCES - SCIE; WATER RESOURCES - SCIE,7.428
International Journal of Bioprinting,INT J BIOPRINTING,2424-7723,2424-8002,"MATERIALS SCIENCE, BIOMATERIALS - SCIE",7.422
INTERNATIONAL JOURNAL OF HYGIENE AND ENVIRONMENTAL HEALTH,INT J HYG ENVIR HEAL,1438-4639,1618-131X,INFECTIOUS DISEASES - SCIE,7.401
CRITICAL REVIEWS IN MICROBIOLOGY,CRIT REV MICROBIOL,1040-841X,1549-7828,MICROBIOLOGY - SCIE,7.391
Genes & Diseases,GENES DIS,2352-4820,2352-3042,BIOCHEMISTRY & MOLECULAR BIOLOGY - SCIE,7.376
Tissue Engineering Part B-Reviews,TISSUE ENG PART B-RE,1937-3368,1937-3376,"CELL BIOLOGY - SCIE; MATERIALS SCIENCE, BIOMATERIALS - SCIE",7.376
BMC BIOLOGY,BMC BIOL,N/A,1741-7007,BIOLOGY - SCIE,7.364
Journal of Water Process Engineering,J WATER PROCESS ENG,2214-7144,2214-7144,WATER RESOURCES - SCIE,7.34
mSystems,MSYSTEMS,2379-5077,2379-5077,MICROBIOLOGY - SCIE,7.328
Oxidative Medicine and Cellular Longevity,OXID MED CELL LONGEV,1942-0900,1942-0994,CELL BIOLOGY - SCIE,7.31
Stem Cell Reports,STEM CELL REP,2213-6711,2213-6711,CELL BIOLOGY - SCIE,7.294
Communications Earth & Environment,COMMUN EARTH ENVIRON,N/A,2662-4435,ENVIRONMENTAL SCIENCES - SCIE,7.29
CURRENT OPINION IN IMMUNOLOGY,CURR OPIN IMMUNOL,0952-7915,1879-0372,IMMUNOLOGY - SCIE,7.268
Essays in Biochemistry,ESSAYS BIOCHEM,0071-1365,1744-1358,BIOCHEMISTRY & MOLECULAR BIOLOGY - SCIE,7.258
IMMUNOLOGY,IMMUNOLOGY,0019-2805,1365-2567,IMMUNOLOGY - SCIE,7.215
Communications Chemistry,COMMUN CHEM,2399-3669,2399-3669,"CHEMISTRY, MULTIDISCIPLINARY - SCIE",7.211
JOURNAL OF INDUSTRIAL ECOLOGY,J IND ECOL,1088-1980,1530-9290,ENVIRONMENTAL SCIENCES - SCIE,7.202
ATMOSPHERIC CHEMISTRY AND PHYSICS,ATMOS CHEM PHYS,1680-7316,1680-7324,ENVIRONMENTAL SCIENCES - SCIE,7.197
Sustainability Science,SUSTAIN SCI,1862-4065,1862-4057,ENVIRONMENTAL SCIENCES - SCIE,7.196
Biology Direct,BIOL DIRECT,N/A,1745-6150,BIOLOGY - SCIE,7.173
ACTA PHARMACOLOGICA SINICA,ACTA PHARMACOL SIN,1671-4083,1745-7254,"CHEMISTRY, MULTIDISCIPLINARY - SCIE",7.165
ASIAN PACIFIC JOURNAL OF ALLERGY AND IMMUNOLOGY,ASIAN PAC J ALLERGY,0125-877X,2228-8694,IMMUNOLOGY - SCIE,7.143
Environmental Health,ENVIRON HEALTH-GLOB,N/A,1476-069X,ENVIRONMENTAL SCIENCES - SCIE,7.133
ECOTOXICOLOGY AND ENVIRONMENTAL SAFETY,ECOTOX ENVIRON SAFE,0147-6513,1090-2414,ENVIRONMENTAL SCIENCES - SCIE; TOXICOLOGY - SCIE,7.129
Current Opinion in Virology,CURR OPIN VIROL,1879-6257,1879-6265,VIROLOGY - SCIE,7.121
Cell Death Discovery,CELL DEATH DISCOV,N/A,2058-7716,CELL BIOLOGY - SCIE,7.113
Journal of Innate Immunity,J INNATE IMMUN,1662-811X,1662-8128,IMMUNOLOGY - SCIE,7.111
CELLULAR ONCOLOGY,CELL ONCOL,2211-3428,2211-3436,CELL BIOLOGY - SCIE; PATHOLOGY - SCIE,7.051
Review of Environmental Economics and Policy,REV ENV ECON POLICY,1750-6816,1750-6824,ENVIRONMENTAL STUDIES - SSCI,7.048
TRANSPORTATION RESEARCH PART D-TRANSPORT AND ENVIRONMENT,TRANSPORT RES D-TR E,1361-9209,1879-2340,ENVIRONMENTAL STUDIES - SSCI,7.041
IEEE Journal of Biomedical and Health Informatics,IEEE J BIOMED HEALTH,2168-2194,2168-2208,MATHEMATICAL & COMPUTATIONAL BIOLOGY - SCIE,7.021
MUTATION RESEARCH-REVIEWS IN MUTATION RESEARCH,MUTAT RES-REV MUTAT,1383-5742,1388-2139,BIOTECHNOLOGY & APPLIED MICROBIOLOGY - SCIE; TOXICOLOGY - SCIE,7.015
Marine Pollution Bulletin,MAR POLLUT BULL,0025-326X,1879-3363,ENVIRONMENTAL SCIENCES - SCIE; MARINE & FRESHWATER BIOLOGY - SCIE,7.001
Open Biology,OPEN BIOL,N/A,2046-2441,BIOCHEMISTRY & MOLECULAR BIOLOGY - SCIE,7
PROTEIN SCIENCE,PROTEIN SCI,0961-8368,1469-896X,BIOCHEMISTRY & MOLECULAR BIOLOGY - SCIE,6.993
Journal of Statistical Software,J STAT SOFTW,1548-7660,1548-7660,STATISTICS & PROBABILITY - SCIE,6.992
INFLAMMATION RESEARCH,INFLAMM RES,1023-3830,1420-908X,CELL BIOLOGY - SCIE; IMMUNOLOGY - SCIE,6.986
BIOMACROMOLECULES,BIOMACROMOLECULES,1525-7797,1526-4602,BIOCHEMISTRY & MOLECULAR BIOLOGY - SCIE,6.979
ZOOLOGICAL RESEARCH,ZOOL RES,2095-8137,N/A,ZOOLOGY - SCIE,6.975
VIROLOGICA SINICA,VIROL SIN,1674-0769,1995-820X,VIROLOGY - SCIE,6.947
Environmental Research Letters,ENVIRON RES LETT,1748-9326,1748-9326,ENVIRONMENTAL SCIENCES - SCIE,6.947
AMBIO,AMBIO,0044-7447,1654-7209,ENVIRONMENTAL SCIENCES - SCIE,6.943
CHEMICAL RECORD,CHEM REC,1527-8999,1528-0691,"CHEMISTRY, MULTIDISCIPLINARY - SCIE",6.935
BIOINFORMATICS,BIOINFORMATICS,1367-4803,1460-2059,BIOTECHNOLOGY & APPLIED MICROBIOLOGY - SCIE; MATHEMATICAL & COMPUTATIONAL BIOLOGY - SCIE,6.931
Ecosystem Services,ECOSYST SERV,2212-0416,2212-0416,ECOLOGY - SCIE; ENVIRONMENTAL SCIENCES - SCIE; ENVIRONMENTAL STUDIES - SSCI,6.91
GLOBAL ECOLOGY AND BIOGEOGRAPHY,GLOBAL ECOL BIOGEOGR,1466-822X,1466-8238,ECOLOGY - SCIE,6.909
JOURNAL OF APPLIED ECOLOGY,J APPL ECOL,0021-8901,1365-2664,BIODIVERSITY CONSERVATION - SCIE; ECOLOGY - SCIE,6.869
REVIEWS IN FISH BIOLOGY AND FISHERIES,REV FISH BIOL FISHER,0960-3166,1573-5184,MARINE & FRESHWATER BIOLOGY - SCIE,6.845
Bioengineered,BIOENGINEERED,2165-5979,2165-5987,BIOTECHNOLOGY & APPLIED MICROBIOLOGY - SCIE,6.832
CELL BIOLOGY AND TOXICOLOGY,CELL BIOL TOXICOL,0742-2091,1573-6822,CELL BIOLOGY - SCIE; TOXICOLOGY - SCIE,6.819
JOURNAL OF PHOTOCHEMISTRY AND PHOTOBIOLOGY B-BIOLOGY,J PHOTOCH PHOTOBIO B,1011-1344,1873-2682,BIOCHEMISTRY & MOLECULAR BIOLOGY - SCIE,6.814
ECOGRAPHY,ECOGRAPHY,0906-7590,1600-0587,BIODIVERSITY CONSERVATION - SCIE; ECOLOGY - SCIE,6.802
Journal of Environmental Sciences,J ENVIRON SCI,1001-0742,1878-7320,ENVIRONMENTAL SCIENCES - SCIE,6.796
INTERNATIONAL COMMUNICATIONS IN HEAT AND MASS TRANSFER,INT COMMUN HEAT MASS,0735-1933,1879-0178,THERMODYNAMICS - SCIE,6.782
Annals of Clinical Microbiology and Antimicrobials,ANN CLIN MICROB ANTI,N/A,1476-0711,MICROBIOLOGY - SCIE,6.781
Journal of Industrial and Engineering Chemistry,J IND ENG CHEM,1226-086X,1876-794X,"CHEMISTRY, MULTIDISCIPLINARY - SCIE",6.76
QUARTERLY REVIEW OF BIOLOGY,Q REV BIOL,0033-5770,1539-7718,BIOLOGY - SCIE,6.75
Nanotechnology Reviews,NANOTECHNOL REV,2191-9089,2191-9097,"CHEMISTRY, MULTIDISCIPLINARY - SCIE",6.739
PROCEEDINGS OF THE COMBUSTION INSTITUTE,P COMBUST INST,1540-7489,1873-2704,THERMODYNAMICS - SCIE,6.719
Journal of Hydrology,J HYDROL,0022-1694,1879-2707,WATER RESOURCES - SCIE,6.708
Journal of the International AIDS Society,J INT AIDS SOC,N/A,1758-2652,IMMUNOLOGY - SCIE; INFECTIOUS DISEASES - SCIE,6.707
COMPUTERS IN BIOLOGY AND MEDICINE,COMPUT BIOL MED,0010-4825,1879-0534,BIOLOGY - SCIE; MATHEMATICAL & COMPUTATIONAL BIOLOGY - SCIE,6.698
Stem Cell Reviews and Reports,STEM CELL REV REP,2629-3269,2629-3277,CELL BIOLOGY - SCIE,6.692
EUROPEAN JOURNAL OF IMMUNOLOGY,EUR J IMMUNOL,0014-2980,1521-4141,IMMUNOLOGY - SCIE,6.688
JOURNAL OF LIPID RESEARCH,J LIPID RES,0022-2275,1539-7262,BIOCHEMISTRY & MOLECULAR BIOLOGY - SCIE,6.676
PHILOSOPHICAL TRANSACTIONS OF THE ROYAL SOCIETY B-BIOLOGICAL SCIENCES,PHILOS T R SOC B,0962-8436,1471-2970,BIOLOGY - SCIE,6.671
Urban Climate,URBAN CLIM,2212-0955,2212-0955,ENVIRONMENTAL SCIENCES - SCIE,6.663
EXERCISE AND SPORT SCIENCES REVIEWS,EXERC SPORT SCI REV,0091-6331,1538-3008,PHYSIOLOGY - SCIE,6.642
BIOCHIMICA ET BIOPHYSICA ACTA-MOLECULAR BASIS OF DISEASE,BBA-MOL BASIS DIS,0925-4439,1879-260X,BIOCHEMISTRY & MOLECULAR BIOLOGY - SCIE,6.633
CANCER IMMUNOLOGY IMMUNOTHERAPY,CANCER IMMUNOL IMMUN,0340-7004,1432-0851,IMMUNOLOGY - SCIE,6.63
MOLECULAR ECOLOGY,MOL ECOL,0962-1083,1365-294X,BIOCHEMISTRY & MOLECULAR BIOLOGY - SCIE; ECOLOGY - SCIE; EVOLUTIONARY BIOLOGY - SCIE,6.622
HYDROLOGY AND EARTH SYSTEM SCIENCES,HYDROL EARTH SYST SC,1027-5606,1607-7938,WATER RESOURCES - SCIE,6.617
Annual Review of Resource Economics,ANNU REV RESOUR ECON,1941-1340,1941-1359,ENVIRONMENTAL STUDIES - SSCI,6.617
Agricultural Water Management,AGR WATER MANAGE,0378-3774,1873-2283,WATER RESOURCES - SCIE,6.611
AGRICULTURE ECOSYSTEMS & ENVIRONMENT,AGR ECOSYST ENVIRON,0167-8809,1873-2305,ECOLOGY - SCIE; ENVIRONMENTAL SCIENCES - SCIE,6.576
Microbial Biotechnology,MICROB BIOTECHNOL,1751-7915,1751-7915,BIOTECHNOLOGY & APPLIED MICROBIOLOGY - SCIE; MICROBIOLOGY - SCIE,6.575
AMYLOID-JOURNAL OF PROTEIN FOLDING DISORDERS,AMYLOID,1350-6129,1744-2818,BIOCHEMISTRY & MOLECULAR BIOLOGY - SCIE,6.571
Journal of Virology,J VIROL,0022-538X,1098-5514,VIROLOGY - SCIE,6.549
ENVIRONMENT AND BEHAVIOR,ENVIRON BEHAV,0013-9165,1552-390X,ENVIRONMENTAL STUDIES - SSCI,6.548
Communications Biology,COMMUN BIOL,N/A,2399-3642,BIOLOGY - SCIE,6.548
ECOLOGICAL ECONOMICS,ECOL ECON,0921-8009,1873-6106,ECOLOGY - SCIE; ENVIRONMENTAL SCIENCES - SCIE; ENVIRONMENTAL STUDIES - SSCI,6.536
INFECTION CONTROL AND HOSPITAL EPIDEMIOLOGY,INFECT CONT HOSP EP,0899-823X,1559-6834,INFECTIOUS DISEASES - SCIE,6.52
Clinical & Translational Immunology,CLIN TRANSL IMMUNOL,N/A,2050-0068,IMMUNOLOGY - SCIE,6.515
JOURNAL OF CELLULAR PHYSIOLOGY,J CELL PHYSIOL,0021-9541,1097-4652,CELL BIOLOGY - SCIE; PHYSIOLOGY - SCIE,6.513
GLOBAL BIOGEOCHEMICAL CYCLES,GLOBAL BIOGEOCHEM CY,0886-6236,1944-9224,ENVIRONMENTAL SCIENCES - SCIE,6.5
ANNALS OF THE NEW YORK ACADEMY OF SCIENCES,ANN NY ACAD SCI,0077-8923,1749-6632,MULTIDISCIPLINARY SCIENCES - SCIE,6.499
Evolution Letters,EVOL LETT,N/A,2056-3744,EVOLUTIONARY BIOLOGY - SCIE,6.494
New Biotechnology,NEW BIOTECHNOL,1871-6784,1876-4347,BIOTECHNOLOGY & APPLIED MICROBIOLOGY - SCIE,6.49
APPLIED THERMAL ENGINEERING,APPL THERM ENG,1359-4311,1873-5606,THERMODYNAMICS - SCIE,6.465
Antimicrobial Resistance and Infection Control,ANTIMICROB RESIST IN,2047-2994,2047-2994,INFECTIOUS DISEASES - SCIE; MICROBIOLOGY - SCIE,6.456
COMPUTERS ENVIRONMENT AND URBAN SYSTEMS,COMPUT ENVIRON URBAN,0198-9715,1873-7587,ENVIRONMENTAL STUDIES - SSCI,6.454
BIOFACTORS,BIOFACTORS,0951-6433,1872-8081,BIOCHEMISTRY & MOLECULAR BIOLOGY - SCIE,6.438
ECOLOGY,ECOLOGY,0012-9658,1939-9170,ECOLOGY - SCIE,6.433
ENVIRONMENTAL SCIENCE & POLICY,ENVIRON SCI POLICY,1462-9011,1873-6416,ENVIRONMENTAL SCIENCES - SCIE,6.424
International Review of Cell and Molecular Biology,INT REV CEL MOL BIO,1937-6448,N/A,BIOCHEMISTRY & MOLECULAR BIOLOGY - SCIE; CELL BIOLOGY - SCIE,6.42
Egyptian Journal of Remote Sensing and Space Sciences,EGYPT J REMOTE SENS,1110-9823,2090-2476,ENVIRONMENTAL SCIENCES - SCIE,6.393
Advanced Materials Interfaces,ADV MATER INTERFACES,2196-7350,2196-7350,"CHEMISTRY, MULTIDISCIPLINARY - SCIE",6.389
ECONOMETRICA,ECONOMETRICA,0012-9682,1468-0262,STATISTICS & PROBABILITY - SCIE,6.383
MOLECULAR MEDICINE,MOL MED,1076-1551,1528-3658,BIOCHEMISTRY & MOLECULAR BIOLOGY - SCIE; CELL BIOLOGY - SCIE,6.382
JOURNAL OF ECOLOGY,J ECOL,0022-0477,1365-2745,ECOLOGY - SCIE,6.381
FOOD MICROBIOLOGY,FOOD MICROBIOL,0740-0020,1095-9998,BIOTECHNOLOGY & APPLIED MICROBIOLOGY - SCIE; MICROBIOLOGY - SCIE,6.374
Journal of Exposure Science and Environmental Epidemiology,J EXPO SCI ENV EPID,1559-0631,1559-064X,ENVIRONMENTAL SCIENCES - SCIE; TOXICOLOGY - SCIE,6.371
CATENA,CATENA,0341-8162,1872-6887,WATER RESOURCES - SCIE,6.367
Environmental Microbiome,ENVIRON MICROBIOME,N/A,2524-6372,MICROBIOLOGY - SCIE,6.36
Artificial Cells Nanomedicine and Biotechnology,ARTIF CELL NANOMED B,2169-1401,2169-141X,"BIOTECHNOLOGY & APPLIED MICROBIOLOGY - SCIE; MATERIALS SCIENCE, BIOMATERIALS - SCIE",6.355
Microbial Cell Factories,MICROB CELL FACT,N/A,1475-2859,BIOTECHNOLOGY & APPLIED MICROBIOLOGY - SCIE,6.352
GeoHealth,GEOHEALTH,2471-1403,2471-1403,ENVIRONMENTAL SCIENCES - SCIE,6.343
MOLECULAR CANCER RESEARCH,MOL CANCER RES,1541-7786,1557-3125,CELL BIOLOGY - SCIE,6.333
Food & Function,FOOD FUNCT,2042-6496,2042-650X,BIOCHEMISTRY & MOLECULAR BIOLOGY - SCIE,6.317
Biochimica et Biophysica Acta-Gene Regulatory Mechanisms,BBA-GENE REGUL MECH,1874-9399,1876-4320,BIOCHEMISTRY & MOLECULAR BIOLOGY - SCIE,6.304
AMERICAN JOURNAL OF SURGICAL PATHOLOGY,AM J SURG PATHOL,0147-5185,1532-0979,PATHOLOGY - SCIE,6.298
VIRUS RESEARCH,VIRUS RES,0168-1702,1872-7492,VIROLOGY - SCIE,6.286
FUNCTIONAL ECOLOGY,FUNCT ECOL,0269-8463,1365-2435,ECOLOGY - SCIE,6.284
Journal of Inflammation-London,J INFLAMM-LOND,1476-9255,1476-9255,IMMUNOLOGY - SCIE,6.283
Case Studies in Thermal Engineering,CASE STUD THERM ENG,2214-157X,2214-157X,THERMODYNAMICS - SCIE,6.268
Ecological Indicators,ECOL INDIC,1470-160X,1872-7034,ENVIRONMENTAL SCIENCES - SCIE,6.263
NEUROPATHOLOGY AND APPLIED NEUROBIOLOGY,NEUROPATH APPL NEURO,0305-1846,1365-2990,PATHOLOGY - SCIE,6.25
Journal of Biological Engineering,J BIOL ENG,1754-1611,1754-1611,BIOTECHNOLOGY & APPLIED MICROBIOLOGY - SCIE,6.248
ANNALS OF ALLERGY ASTHMA & IMMUNOLOGY,ANN ALLERG ASTHMA IM,1081-1206,1534-4436,IMMUNOLOGY - SCIE,6.248
JOURNAL OF PHYSIOLOGY-LONDON,J PHYSIOL-LONDON,0022-3751,1469-7793,PHYSIOLOGY - SCIE,6.228
Arabian Journal of Chemistry,ARAB J CHEM,1878-5352,1878-5379,"CHEMISTRY, MULTIDISCIPLINARY - SCIE",6.212
INTERNATIONAL JOURNAL OF MOLECULAR SCIENCES,INT J MOL SCI,N/A,1422-0067,"BIOCHEMISTRY & MOLECULAR BIOLOGY - SCIE; CHEMISTRY, MULTIDISCIPLINARY - SCIE",6.208
CYTOTHERAPY,CYTOTHERAPY,1465-3249,1477-2566,BIOTECHNOLOGY & APPLIED MICROBIOLOGY - SCIE; CELL BIOLOGY - SCIE,6.196
LAND USE POLICY,LAND USE POLICY,0264-8377,1873-5754,ENVIRONMENTAL STUDIES - SSCI,6.189
CRITICAL REVIEWS IN TOXICOLOGY,CRIT REV TOXICOL,1040-8444,1547-6898,TOXICOLOGY - SCIE,6.184
ARCHIVES OF TOXICOLOGY,ARCH TOXICOL,0340-5761,1432-0738,TOXICOLOGY - SCIE,6.168
Journal of Chemical Information and Modeling,J CHEM INF MODEL,1549-9596,1549-960X,"CHEMISTRY, MULTIDISCIPLINARY - SCIE",6.162
WATER RESOURCES RESEARCH,WATER RESOUR RES,0043-1397,1944-7973,ENVIRONMENTAL SCIENCES - SCIE; LIMNOLOGY - SCIE; WATER RESOURCES - SCIE,6.159
Computational and Structural Biotechnology Journal,COMPUT STRUCT BIOTEC,2001-0370,2001-0370,BIOCHEMISTRY & MOLECULAR BIOLOGY - SCIE,6.155
JOURNAL OF MOLECULAR BIOLOGY,J MOL BIOL,0022-2836,1089-8638,BIOCHEMISTRY & MOLECULAR BIOLOGY - SCIE,6.151
TRAFFIC,TRAFFIC,1398-9219,1600-0854,CELL BIOLOGY - SCIE,6.144
Environmental Impact Assessment Review,ENVIRON IMPACT ASSES,0195-9255,1873-6432,ENVIRONMENTAL STUDIES - SSCI,6.122
Infectious Diseases and Therapy,INFECT DIS THER,2193-8229,2193-6382,INFECTIOUS DISEASES - SCIE,6.119
Current Opinion in Chemical Engineering,CURR OPIN CHEM ENG,2211-3398,2211-3398,BIOTECHNOLOGY & APPLIED MICROBIOLOGY - SCIE,6.117
JOURNAL OF NUTRITIONAL BIOCHEMISTRY,J NUTR BIOCHEM,0955-2863,1873-4847,BIOCHEMISTRY & MOLECULAR BIOLOGY - SCIE,6.117
Frontiers in Molecular Biosciences,FRONT MOL BIOSCI,N/A,2296-889X,BIOCHEMISTRY & MOLECULAR BIOLOGY - SCIE,6.113
iScience,ISCIENCE,N/A,2589-0042,MULTIDISCIPLINARY SCIENCES - SCIE,6.107
ECOLOGICAL APPLICATIONS,ECOL APPL,1051-0761,1939-5582,ECOLOGY - SCIE; ENVIRONMENTAL SCIENCES - SCIE,6.105
Nanomedicine,NANOMEDICINE-UK,1743-5889,1748-6963,BIOTECHNOLOGY & APPLIED MICROBIOLOGY - SCIE,6.096
Frontiers in Cell and Developmental Biology,FRONT CELL DEV BIOL,2296-634X,2296-634X,CELL BIOLOGY - SCIE,6.081
Frontiers in Cellular and Infection Microbiology,FRONT CELL INFECT MI,2235-2988,2235-2988,IMMUNOLOGY - SCIE; MICROBIOLOGY - SCIE,6.073
BIOCONJUGATE CHEMISTRY,BIOCONJUGATE CHEM,1043-1802,1520-4812,"BIOCHEMISTRY & MOLECULAR BIOLOGY - SCIE; CHEMISTRY, MULTIDISCIPLINARY - SCIE",6.069
CHEMICAL COMMUNICATIONS,CHEM COMMUN,1359-7345,1364-548X,"CHEMISTRY, MULTIDISCIPLINARY - SCIE",6.065
Biomolecules,BIOMOLECULES,N/A,2218-273X,BIOCHEMISTRY & MOLECULAR BIOLOGY - SCIE,6.064
Frontiers in Microbiology,FRONT MICROBIOL,N/A,1664-302X,MICROBIOLOGY - SCIE,6.064
Frontiers in Bioengineering and Biotechnology,FRONT BIOENG BIOTECH,2296-4185,2296-4185,MULTIDISCIPLINARY SCIENCES - SCIE,6.064
PROGRESS IN PLANNING,PROG PLANN,0305-9006,1873-4510,ENVIRONMENTAL STUDIES - SSCI,6.063
Neural Regeneration Research,NEURAL REGEN RES,1673-5374,1876-7958,CELL BIOLOGY - SCIE,6.058
CLIMATE POLICY,CLIM POLICY,1469-3062,1752-7457,ENVIRONMENTAL STUDIES - SSCI,6.056
Frontiers of Environmental Science & Engineering,FRONT ENV SCI ENG,2095-2201,2095-221X,ENVIRONMENTAL SCIENCES - SCIE,6.048
NanoImpact,NANOIMPACT,2452-0748,2452-0748,ENVIRONMENTAL SCIENCES - SCIE,6.038
ENVIRONMENTAL AND EXPERIMENTAL BOTANY,ENVIRON EXP BOT,0098-8472,1873-7307,ENVIRONMENTAL SCIENCES - SCIE,6.028
EUROPEAN JOURNAL OF CELL BIOLOGY,EUR J CELL BIOL,0171-9335,1618-1298,CELL BIOLOGY - SCIE,6.02
Green Chemistry Letters and Reviews,GREEN CHEM LETT REV,1751-8253,1751-7192,"CHEMISTRY, MULTIDISCIPLINARY - SCIE",6.016
Machine Learning-Science and Technology,MACH LEARN-SCI TECHN,N/A,2632-2153,MULTIDISCIPLINARY SCIENCES - SCIE,6.013
AMERICAN JOURNAL OF PHYSIOLOGY-LUNG CELLULAR AND MOLECULAR PHYSIOLOGY,AM J PHYSIOL-LUNG C,1040-0605,1522-1504,PHYSIOLOGY - SCIE,6.011
JOURNAL OF LEUKOCYTE BIOLOGY,J LEUKOCYTE BIOL,0741-5400,1938-3673,CELL BIOLOGY - SCIE; IMMUNOLOGY - SCIE,6.011
Oceanography and Marine Biology,OCEANOGR MAR BIOL,0078-3218,N/A,MARINE & FRESHWATER BIOLOGY - SCIE; OCEANOGRAPHY - SCIE,6
COLLOIDS AND SURFACES B-BIOINTERFACES,COLLOID SURFACE B,0927-7765,1873-4367,"MATERIALS SCIENCE, BIOMATERIALS - SCIE",5.999
MEDECINE ET MALADIES INFECTIEUSES,MED MALADIES INFECT,0399-077X,1769-6690,INFECTIOUS DISEASES - SCIE,5.965
Aging-US,AGING-US,1945-4589,N/A,CELL BIOLOGY - SCIE,5.955
GLYCOBIOLOGY,GLYCOBIOLOGY,0959-6658,1460-2423,BIOCHEMISTRY & MOLECULAR BIOLOGY - SCIE,5.954
PROCEEDINGS OF THE INSTITUTION OF CIVIL ENGINEERS-MARITIME ENGINEERING,P I CIVIL ENG-MAR EN,1741-7597,1751-7737,WATER RESOURCES - SCIE,5.952
AIDS PATIENT CARE AND STDS,AIDS PATIENT CARE ST,1087-2914,1557-7449,INFECTIOUS DISEASES - SCIE,5.944
ANTIMICROBIAL AGENTS AND CHEMOTHERAPY,ANTIMICROB AGENTS CH,0066-4804,1098-6596,MICROBIOLOGY - SCIE,5.938
Virology Journal,VIROL J,N/A,1743-422X,VIROLOGY - SCIE,5.916
INTERNATIONAL JOURNAL OF FOOD MICROBIOLOGY,INT J FOOD MICROBIOL,0168-1605,1879-3460,MICROBIOLOGY - SCIE,5.911
Journal of Cell Communication and Signaling,J CELL COMMUN SIGNAL,1873-9601,1873-961X,CELL BIOLOGY - SCIE,5.908
HARMFUL ALGAE,HARMFUL ALGAE,1568-9883,1878-1470,MARINE & FRESHWATER BIOLOGY - SCIE,5.905
INFECTIOUS DISEASE CLINICS OF NORTH AMERICA,INFECT DIS CLIN N AM,0891-5520,1557-9824,IMMUNOLOGY - SCIE; INFECTIOUS DISEASES - SCIE,5.905
AMERICAN JOURNAL OF PHYSIOLOGY-ENDOCRINOLOGY AND METABOLISM,AM J PHYSIOL-ENDOC M,0193-1849,1522-1555,PHYSIOLOGY - SCIE,5.9
Nanotoxicology,NANOTOXICOLOGY,1743-5390,1743-5404,TOXICOLOGY - SCIE,5.881
STRUCTURE,STRUCTURE,0969-2126,1878-4186,BIOCHEMISTRY & MOLECULAR BIOLOGY - SCIE; CELL BIOLOGY - SCIE,5.871
MACROMOLECULAR BIOSCIENCE,MACROMOL BIOSCI,1616-5187,1616-5195,"BIOCHEMISTRY & MOLECULAR BIOLOGY - SCIE; MATERIALS SCIENCE, BIOMATERIALS - SCIE",5.859
CANCER GENE THERAPY,CANCER GENE THER,0929-1903,1476-5500,BIOTECHNOLOGY & APPLIED MICROBIOLOGY - SCIE,5.854
Expert Review of Anti-Infective Therapy,EXPERT REV ANTI-INFE,1478-7210,1744-8336,INFECTIOUS DISEASES - SCIE; MICROBIOLOGY - SCIE,5.854
IMMUNOLOGY AND CELL BIOLOGY,IMMUNOL CELL BIOL,0818-9641,1440-1711,CELL BIOLOGY - SCIE; IMMUNOLOGY - SCIE,5.853
Immune Network,IMMUNE NETW,1598-2629,2092-6685,IMMUNOLOGY - SCIE,5.851
STEM CELLS,STEM CELLS,1066-5099,1549-4918,BIOTECHNOLOGY & APPLIED MICROBIOLOGY - SCIE; CELL BIOLOGY - SCIE,5.845
JOURNAL OF ENVIRONMENTAL ECONOMICS AND MANAGEMENT,J ENVIRON ECON MANAG,0095-0696,1096-0449,ENVIRONMENTAL STUDIES - SSCI,5.84
Infectious Diseases,INFECT DIS-NOR,2374-4235,2374-4243,INFECTIOUS DISEASES - SCIE,5.838
FASEB JOURNAL,FASEB J,0892-6638,1530-6860,BIOCHEMISTRY & MOLECULAR BIOLOGY - SCIE; BIOLOGY - SCIE; CELL BIOLOGY - SCIE,5.834
Journal of Oral Microbiology,J ORAL MICROBIOL,N/A,2000-2297,MICROBIOLOGY - SCIE,5.833
Environmental Science-Water Research & Technology,ENVIRON SCI-WAT RES,2053-1400,2053-1419,ENVIRONMENTAL SCIENCES - SCIE; WATER RESOURCES - SCIE,5.819
Viruses-Basel,VIRUSES-BASEL,N/A,1999-4915,VIROLOGY - SCIE,5.818
Air Quality Atmosphere and Health,AIR QUAL ATMOS HLTH,1873-9318,1873-9326,ENVIRONMENTAL SCIENCES - SCIE,5.804
Remote Sensing in Ecology and Conservation,REMOTE SENS ECOL CON,N/A,2056-3485,ECOLOGY - SCIE,5.787
Environmental Toxicology and Pharmacology,ENVIRON TOXICOL PHAR,1382-6689,1872-7077,ENVIRONMENTAL SCIENCES - SCIE; TOXICOLOGY - SCIE,5.785
Life Science Alliance,LIFE SCI ALLIANCE,N/A,2575-1077,BIOLOGY - SCIE,5.781
ACS Chemical Neuroscience,ACS CHEM NEUROSCI,1948-7193,1948-7193,BIOCHEMISTRY & MOLECULAR BIOLOGY - SCIE,5.78
BIOMASS & BIOENERGY,BIOMASS BIOENERG,0961-9534,1873-2909,BIOTECHNOLOGY & APPLIED MICROBIOLOGY - SCIE,5.774
AMERICAN JOURNAL OF PATHOLOGY,AM J PATHOL,0002-9440,1525-2191,PATHOLOGY - SCIE,5.77
Combustion and Flame,COMBUST FLAME,0010-2180,1556-2921,THERMODYNAMICS - SCIE,5.767
URBAN FORESTRY & URBAN GREENING,URBAN FOR URBAN GREE,1618-8667,1610-8167,ENVIRONMENTAL STUDIES - SSCI,5.766
JOURNAL OF MOLECULAR AND CELLULAR CARDIOLOGY,J MOL CELL CARDIOL,0022-2828,1095-8584,CELL BIOLOGY - SCIE,5.763
Regenerative Biomaterials,REGEN BIOMATER,2056-3418,2056-3426,"MATERIALS SCIENCE, BIOMATERIALS - SCIE",5.763
BIOELECTROCHEMISTRY,BIOELECTROCHEMISTRY,1567-5394,1878-562X,BIOCHEMISTRY & MOLECULAR BIOLOGY - SCIE; BIOLOGY - SCIE,5.76
JOURNAL OF ANTIMICROBIAL CHEMOTHERAPY,J ANTIMICROB CHEMOTH,0305-7453,1460-2091,INFECTIOUS DISEASES - SCIE; MICROBIOLOGY - SCIE,5.758
JOURNAL OF ENZYME INHIBITION AND MEDICINAL CHEMISTRY,J ENZYM INHIB MED CH,1475-6366,1475-6374,BIOCHEMISTRY & MOLECULAR BIOLOGY - SCIE,5.756
ATMOSPHERIC ENVIRONMENT,ATMOS ENVIRON,1352-2310,1873-2844,ENVIRONMENTAL SCIENCES - SCIE,5.755
CLINICAL AND EXPERIMENTAL IMMUNOLOGY,CLIN EXP IMMUNOL,0009-9104,1365-2249,IMMUNOLOGY - SCIE,5.732
Disease Models & Mechanisms,DIS MODEL MECH,1754-8403,1754-8411,CELL BIOLOGY - SCIE; PATHOLOGY - SCIE,5.732
Biotechnology Journal,BIOTECHNOL J,1860-6768,1860-7314,BIOTECHNOLOGY & APPLIED MICROBIOLOGY - SCIE,5.726
Journal of Fungi,J FUNGI,N/A,2309-608X,MICROBIOLOGY - SCIE,5.724
APPLIED CATALYSIS A-GENERAL,APPL CATAL A-GEN,0926-860X,1873-3875,ENVIRONMENTAL SCIENCES - SCIE,5.723
Journal of Genetics and Genomics,J GENET GENOMICS,1673-8527,1873-5533,BIOCHEMISTRY & MOLECULAR BIOLOGY - SCIE,5.723
Nanomaterials,NANOMATERIALS-BASEL,N/A,2079-4991,"CHEMISTRY, MULTIDISCIPLINARY - SCIE",5.719
DIVERSITY AND DISTRIBUTIONS,DIVERS DISTRIB,1366-9516,1472-4642,BIODIVERSITY CONSERVATION - SCIE; ECOLOGY - SCIE,5.717
International Immunopharmacology,INT IMMUNOPHARMACOL,1567-5769,1878-1705,IMMUNOLOGY - SCIE,5.714
Acta Crystallographica Section D-Structural Biology,ACTA CRYSTALLOGR D,2059-7983,2059-7983,BIOCHEMISTRY & MOLECULAR BIOLOGY - SCIE,5.699
REDOX REPORT,REDOX REP,1351-0002,1743-2928,BIOCHEMISTRY & MOLECULAR BIOLOGY - SCIE,5.696
Plants People Planet,PLANTS PEOPLE PLANET,N/A,2572-2611,BIODIVERSITY CONSERVATION - SCIE; ECOLOGY - SCIE,5.695
DENTAL MATERIALS,DENT MATER,0109-5641,1879-0097,"MATERIALS SCIENCE, BIOMATERIALS - SCIE",5.687
ARCHIVES OF PATHOLOGY & LABORATORY MEDICINE,ARCH PATHOL LAB MED,0003-9985,1543-2165,PATHOLOGY - SCIE,5.686
Expert Review of Vaccines,EXPERT REV VACCINES,1476-0584,1744-8395,IMMUNOLOGY - SCIE,5.683
EXPERT REVIEW OF MOLECULAR DIAGNOSTICS,EXPERT REV MOL DIAGN,1473-7159,1744-8352,PATHOLOGY - SCIE,5.67
Perspectives in Ecology and Conservation,PERSPECT ECOL CONSER,2530-0644,2530-0644,BIODIVERSITY CONSERVATION - SCIE,5.652
INTERNATIONAL JOURNAL OF BIOCHEMISTRY & CELL BIOLOGY,INT J BIOCHEM CELL B,1357-2725,1878-5875,BIOCHEMISTRY & MOLECULAR BIOLOGY - SCIE; CELL BIOLOGY - SCIE,5.652
RNA,RNA,1355-8382,1469-9001,BIOCHEMISTRY & MOLECULAR BIOLOGY - SCIE,5.636
FEBS Journal,FEBS J,1742-464X,1742-4658,BIOCHEMISTRY & MOLECULAR BIOLOGY - SCIE,5.622
Virus Evolution,VIRUS EVOL,N/A,2057-1577,VIROLOGY - SCIE,5.614
BIOLOGY OF BLOOD AND MARROW TRANSPLANTATION,BIOL BLOOD MARROW TR,1083-8791,1523-6536,IMMUNOLOGY - SCIE,5.609
JOURNAL OF ANIMAL ECOLOGY,J ANIM ECOL,0021-8790,1365-2656,ECOLOGY - SCIE; ZOOLOGY - SCIE,5.608
Influenza and Other Respiratory Viruses,INFLUENZA OTHER RESP,1750-2640,1750-2659,INFECTIOUS DISEASES - SCIE; VIROLOGY - SCIE,5.606
Nanoscale Advances,NANOSCALE ADV,2516-0230,2516-0230,"CHEMISTRY, MULTIDISCIPLINARY - SCIE",5.598
EXPERT OPINION ON BIOLOGICAL THERAPY,EXPERT OPIN BIOL TH,1471-2598,1744-7682,BIOTECHNOLOGY & APPLIED MICROBIOLOGY - SCIE,5.589
IUCrJ,IUCRJ,2052-2525,2052-2525,"CHEMISTRY, MULTIDISCIPLINARY - SCIE",5.588
JOURNAL OF LIPOSOME RESEARCH,J LIPOSOME RES,0898-2104,1532-2394,BIOCHEMISTRY & MOLECULAR BIOLOGY - SCIE,5.586
Metabolites,METABOLITES,N/A,2218-1989,BIOCHEMISTRY & MOLECULAR BIOLOGY - SCIE,5.581
ACS Infectious Diseases,ACS INFECT DIS,2373-8227,N/A,INFECTIOUS DISEASES - SCIE,5.578
FOOD AND CHEMICAL TOXICOLOGY,FOOD CHEM TOXICOL,0278-6915,1873-6351,TOXICOLOGY - SCIE,5.572
APOPTOSIS,APOPTOSIS,1360-8185,1573-675X,BIOCHEMISTRY & MOLECULAR BIOLOGY - SCIE; CELL BIOLOGY - SCIE,5.561
APPLIED MICROBIOLOGY AND BIOTECHNOLOGY,APPL MICROBIOL BIOT,0175-7598,1432-0614,BIOTECHNOLOGY & APPLIED MICROBIOLOGY - SCIE,5.56
CHINESE JOURNAL OF CHEMISTRY,CHINESE J CHEM,1001-604X,1614-7065,"CHEMISTRY, MULTIDISCIPLINARY - SCIE",5.56
Journal of Zhejiang University-SCIENCE B,J ZHEJIANG UNIV-SC B,1673-1581,1862-1783,BIOCHEMISTRY & MOLECULAR BIOLOGY - SCIE; BIOTECHNOLOGY & APPLIED MICROBIOLOGY - SCIE,5.552
ENVIRONMENTAL REVIEWS,ENVIRON REV,1208-6053,1181-8700,ENVIRONMENTAL SCIENCES - SCIE,5.547
JOURNAL OF NEUROCHEMISTRY,J NEUROCHEM,0022-3042,1471-4159,BIOCHEMISTRY & MOLECULAR BIOLOGY - SCIE,5.546
Frontiers in Chemistry,FRONT CHEM,2296-2646,2296-2646,"CHEMISTRY, MULTIDISCIPLINARY - SCIE",5.545
PROCEEDINGS OF THE ROYAL SOCIETY B-BIOLOGICAL SCIENCES,P ROY SOC B-BIOL SCI,0962-8452,1471-2954,BIOLOGY - SCIE; ECOLOGY - SCIE; EVOLUTIONARY BIOLOGY - SCIE,5.531
World Allergy Organization Journal,WORLD ALLERGY ORGAN,1939-4551,1939-4551,IMMUNOLOGY - SCIE,5.516
Advances in Applied Microbiology,ADV APPL MICROBIOL,0065-2164,N/A,BIOTECHNOLOGY & APPLIED MICROBIOLOGY - SCIE; MICROBIOLOGY - SCIE,5.515
LABORATORY INVESTIGATION,LAB INVEST,0023-6837,1530-0307,PATHOLOGY - SCIE,5.511
MECHANISMS OF AGEING AND DEVELOPMENT,MECH AGEING DEV,0047-6374,1872-6216,CELL BIOLOGY - SCIE,5.498
Current HIV/AIDS Reports,CURR HIV-AIDS REP,1548-3568,1548-3576,INFECTIOUS DISEASES - SCIE,5.495
JOURNAL OF BIOLOGICAL CHEMISTRY,J BIOL CHEM,N/A,1083-351X,BIOCHEMISTRY & MOLECULAR BIOLOGY - SCIE,5.485
Environmental Sciences Europe,ENVIRON SCI EUR,2190-4707,2190-4715,ENVIRONMENTAL SCIENCES - SCIE,5.481
ENVIRONMENTAL MICROBIOLOGY,ENVIRON MICROBIOL,1462-2912,1462-2920,MICROBIOLOGY - SCIE,5.476
ENVIRONMENTAL MODELLING & SOFTWARE,ENVIRON MODELL SOFTW,1364-8152,1873-6726,ENVIRONMENTAL SCIENCES - SCIE; WATER RESOURCES - SCIE,5.471
PEDIATRIC ALLERGY AND IMMUNOLOGY,PEDIAT ALLERG IMM-UK,0905-6157,1399-3038,IMMUNOLOGY - SCIE,5.464
Sustainable Chemistry and Pharmacy,SUSTAIN CHEM PHARM,N/A,2352-5541,"CHEMISTRY, MULTIDISCIPLINARY - SCIE; ENVIRONMENTAL SCIENCES - SCIE",5.464
Advances in Protein Chemistry and Structural Biology,ADV PROTEIN CHEM STR,1876-1623,N/A,BIOCHEMISTRY & MOLECULAR BIOLOGY - SCIE,5.447
Journal of Hydrology-Regional Studies,J HYDROL-REG STUD,N/A,2214-5818,WATER RESOURCES - SCIE,5.437
INTERNATIONAL JOURNAL OF HEAT AND MASS TRANSFER,INT J HEAT MASS TRAN,0017-9310,1879-2189,THERMODYNAMICS - SCIE,5.431
JOURNAL OF IMMUNOLOGY,J IMMUNOL,0022-1767,1550-6606,IMMUNOLOGY - SCIE,5.43
Virulence,VIRULENCE,2150-5594,2150-5608,IMMUNOLOGY - SCIE; INFECTIOUS DISEASES - SCIE; MICROBIOLOGY - SCIE,5.428
Frontiers in Environmental Science,FRONT ENV SCI-SWITZ,N/A,2296-665X,ENVIRONMENTAL SCIENCES - SCIE,5.411
Applied Water Science,APPL WATER SCI,2190-5487,2190-5495,WATER RESOURCES - SCIE,5.411
CLINICAL AND EXPERIMENTAL ALLERGY,CLIN EXP ALLERGY,0954-7894,1365-2222,IMMUNOLOGY - SCIE,5.401
AMERICAN JOURNAL OF CLINICAL PATHOLOGY,AM J CLIN PATHOL,0002-9173,1943-7722,PATHOLOGY - SCIE,5.4
WILDLIFE MONOGRAPHS,WILDLIFE MONOGR,0084-0173,1938-5455,ECOLOGY - SCIE; ZOOLOGY - SCIE,5.4
ACS Biomaterials Science & Engineering,ACS BIOMATER SCI ENG,2373-9878,2373-9878,"MATERIALS SCIENCE, BIOMATERIALS - SCIE",5.395
PROTEOMICS,PROTEOMICS,1615-9853,1615-9861,BIOCHEMISTRY & MOLECULAR BIOLOGY - SCIE,5.393
TRANSPLANTATION,TRANSPLANTATION,0041-1337,1534-6080,IMMUNOLOGY - SCIE,5.385
MAMMAL REVIEW,MAMMAL REV,0305-1838,1365-2907,ECOLOGY - SCIE; ZOOLOGY - SCIE,5.373
